Process Name,PID,Operation,Path,Result,Detail,Date & Time,Event Class,Image Path,User,Command Line,TID,Parent PID,Content,LineID,srcEvent
cmd.exe,7352,Process Start,,SUCCESS,"Parent PID: 10688, Command line: cmd.exe /C dir /s /b %USERPROFILE%\Favorites, Current directory: C:\Windows\system32\, Environment: ;	ALLUSERSPROFILE=C:\ProgramData;	APPDATA=C:\Users\ezk\AppData\Roaming;	CommonProgramFiles=C:\Program Files\Common Files;	CommonProgramFiles(x86)=C:\Program Files (x86)\Common Files;	CommonProgramW6432=C:\Program Files\Common Files;	COMPUTERNAME=DESKTOP-BA1RQFC;	ComSpec=C:\Windows\system32\cmd.exe;	DriverData=C:\Windows\System32\Drivers\DriverData;	HOMEDRIVE=C:;	HOMEPATH=\Users\ezk;	LOCALAPPDATA=C:\Users\ezk\AppData\Local;	LOGONSERVER=\\DC02;	NUMBER_OF_PROCESSORS=2;	OneDrive=C:\Users\ezk\OneDrive;	OS=Windows_NT;	Path=C:\Windows\system32;C:\Windows;C:\Windows\System32\Wbem;C:\Windows\System32\WindowsPowerShell\v1.0\;C:\Windows\System32\OpenSSH\;C:\Users\ezk\AppData\Local\Microsoft\WindowsApps;	PATHEXT=.COM;.EXE;.BAT;.CMD;.VBS;.VBE;.JS;.JSE;.WSF;.WSH;.MSC;.CPL;	PROCESSOR_ARCHITECTURE=AMD64;	PROCESSOR_IDENTIFIER=Intel64 Family 6 Model 165 Stepping 5, GenuineIntel;	PROCESSOR_LEVEL=6;	PROCESSOR_REVISION=a505;	ProgramData=C:\ProgramData;	ProgramFiles=C:\Program Files;	ProgramFiles(x86)=C:\Program Files (x86);	ProgramW6432=C:\Program Files;	PSModulePath=C:\Users\ezk\Documents\WindowsPowerShell\Modules;C:\Program Files\WindowsPowerShell\Modules;C:\Windows\system32\WindowsPowerShell\v1.0\Modules;	PUBLIC=C:\Users\Public;	SystemDrive=C:;	SystemRoot=C:\Windows;	TEMP=C:\Users\ezk\AppData\Local\Temp;	TMP=C:\Users\ezk\AppData\Local\Temp;	USERDNSDOMAIN=BLUETEAM.COM;	USERDOMAIN=BLUETEAM;	USERDOMAIN_ROAMINGPROFILE=BLUETEAM;	USERNAME=ezk;	USERPROFILE=C:\Users\ezk;	windir=C:\Windows",4/18/2022 10:54:14 AM,Process,C:\Windows\system32\cmd.exe,BLUETEAM\ezk,cmd.exe /C dir /s /b %USERPROFILE%\Favorites,10740,10688,"cmd.exe 7352 Process Start None SUCCESS Parent PID: 10688, Command line: cmd.exe /C dir /s /b %USERPROFILE%\Favorites, Current directory: C:\Windows\system32\, Environment: ;	ALLUSERSPROFILE=C:\ProgramData;	APPDATA=C:\Users\ezk\AppData\Roaming;	CommonProgramFiles=C:\Program Files\Common Files;	CommonProgramFiles(x86)=C:\Program Files (x86)\Common Files;	CommonProgramW6432=C:\Program Files\Common Files;	COMPUTERNAME=DESKTOP-BA1RQFC;	ComSpec=C:\Windows\system32\cmd.exe;	DriverData=C:\Windows\System32\Drivers\DriverData;	HOMEDRIVE=C:;	HOMEPATH=\Users\ezk;	LOCALAPPDATA=C:\Users\ezk\AppData\Local;	LOGONSERVER=\\DC02;	NUMBER_OF_PROCESSORS=2;	OneDrive=C:\Users\ezk\OneDrive;	OS=Windows_NT;	Path=C:\Windows\system32;C:\Windows;C:\Windows\System32\Wbem;C:\Windows\System32\WindowsPowerShell\v1.0\;C:\Windows\System32\OpenSSH\;C:\Users\ezk\AppData\Local\Microsoft\WindowsApps;	PATHEXT=.COM;.EXE;.BAT;.CMD;.VBS;.VBE;.JS;.JSE;.WSF;.WSH;.MSC;.CPL;	PROCESSOR_ARCHITECTURE=AMD64;	PROCESSOR_IDENTIFIER=Intel64 Family 6 Model 165 Stepping 5, GenuineIntel;	PROCESSOR_LEVEL=6;	PROCESSOR_REVISION=a505;	ProgramData=C:\ProgramData;	ProgramFiles=C:\Program Files;	ProgramFiles(x86)=C:\Program Files (x86);	ProgramW6432=C:\Program Files;	PSModulePath=C:\Users\ezk\Documents\WindowsPowerShell\Modules;C:\Program Files\WindowsPowerShell\Modules;C:\Windows\system32\WindowsPowerShell\v1.0\Modules;	PUBLIC=C:\Users\Public;	SystemDrive=C:;	SystemRoot=C:\Windows;	TEMP=C:\Users\ezk\AppData\Local\Temp;	TMP=C:\Users\ezk\AppData\Local\Temp;	USERDNSDOMAIN=BLUETEAM.COM;	USERDOMAIN=BLUETEAM;	USERDOMAIN_ROAMINGPROFILE=BLUETEAM;	USERNAME=ezk;	USERPROFILE=C:\Users\ezk;	windir=C:\Windows 4/18/2022 10:54:14 AM Process C:\Windows\system32\cmd.exe BLUETEAM\ezk cmd.exe /C dir /s /b %USERPROFILE%\Favorites 10740 10688",1,69bbe2183fa09c00ccaac62d48e214f8_raw_events
cmd.exe,7352,RegOpenKey,HKLM\System\CurrentControlSet\Control\Session Manager,REPARSE,Desired Access: Query Value,4/18/2022 10:54:14 AM,Registry,C:\Windows\system32\cmd.exe,BLUETEAM\ezk,cmd.exe /C dir /s /b %USERPROFILE%\Favorites,9896,10688,cmd.exe 7352 RegOpenKey HKLM\System\CurrentControlSet\Control\Session Manager REPARSE Desired Access: Query Value 4/18/2022 10:54:14 AM Registry C:\Windows\system32\cmd.exe BLUETEAM\ezk cmd.exe /C dir /s /b %USERPROFILE%\Favorites 9896 10688,2,69bbe2183fa09c00ccaac62d48e214f8_raw_events
cmd.exe,7352,RegOpenKey,HKLM\System\CurrentControlSet\Control\Session Manager,SUCCESS,Desired Access: Query Value,4/18/2022 10:54:14 AM,Registry,C:\Windows\system32\cmd.exe,BLUETEAM\ezk,cmd.exe /C dir /s /b %USERPROFILE%\Favorites,9896,10688,cmd.exe 7352 RegOpenKey HKLM\System\CurrentControlSet\Control\Session Manager SUCCESS Desired Access: Query Value 4/18/2022 10:54:14 AM Registry C:\Windows\system32\cmd.exe BLUETEAM\ezk cmd.exe /C dir /s /b %USERPROFILE%\Favorites 9896 10688,3,69bbe2183fa09c00ccaac62d48e214f8_raw_events
cmd.exe,7352,RegQueryValue,HKLM\System\CurrentControlSet\Control\Session Manager\RaiseExceptionOnPossibleDeadlock,NAME NOT FOUND,Length: 80,4/18/2022 10:54:14 AM,Registry,C:\Windows\system32\cmd.exe,BLUETEAM\ezk,cmd.exe /C dir /s /b %USERPROFILE%\Favorites,9896,10688,cmd.exe 7352 RegQueryValue HKLM\System\CurrentControlSet\Control\Session Manager\RaiseExceptionOnPossibleDeadlock NAME NOT FOUND Length: 80 4/18/2022 10:54:14 AM Registry C:\Windows\system32\cmd.exe BLUETEAM\ezk cmd.exe /C dir /s /b %USERPROFILE%\Favorites 9896 10688,4,69bbe2183fa09c00ccaac62d48e214f8_raw_events
cmd.exe,7352,RegCloseKey,HKLM\System\CurrentControlSet\Control\Session Manager,SUCCESS,,4/18/2022 10:54:14 AM,Registry,C:\Windows\system32\cmd.exe,BLUETEAM\ezk,cmd.exe /C dir /s /b %USERPROFILE%\Favorites,9896,10688,cmd.exe 7352 RegCloseKey HKLM\System\CurrentControlSet\Control\Session Manager SUCCESS None 4/18/2022 10:54:14 AM Registry C:\Windows\system32\cmd.exe BLUETEAM\ezk cmd.exe /C dir /s /b %USERPROFILE%\Favorites 9896 10688,5,69bbe2183fa09c00ccaac62d48e214f8_raw_events
cmd.exe,7352,RegOpenKey,HKLM\SYSTEM\CurrentControlSet\Control\Session Manager\Segment Heap,REPARSE,Desired Access: Query Value,4/18/2022 10:54:14 AM,Registry,C:\Windows\system32\cmd.exe,BLUETEAM\ezk,cmd.exe /C dir /s /b %USERPROFILE%\Favorites,9896,10688,cmd.exe 7352 RegOpenKey HKLM\SYSTEM\CurrentControlSet\Control\Session Manager\Segment Heap REPARSE Desired Access: Query Value 4/18/2022 10:54:14 AM Registry C:\Windows\system32\cmd.exe BLUETEAM\ezk cmd.exe /C dir /s /b %USERPROFILE%\Favorites 9896 10688,6,69bbe2183fa09c00ccaac62d48e214f8_raw_events
cmd.exe,7352,RegOpenKey,HKLM\System\CurrentControlSet\Control\Session Manager\Segment Heap,NAME NOT FOUND,Desired Access: Query Value,4/18/2022 10:54:14 AM,Registry,C:\Windows\system32\cmd.exe,BLUETEAM\ezk,cmd.exe /C dir /s /b %USERPROFILE%\Favorites,9896,10688,cmd.exe 7352 RegOpenKey HKLM\System\CurrentControlSet\Control\Session Manager\Segment Heap NAME NOT FOUND Desired Access: Query Value 4/18/2022 10:54:14 AM Registry C:\Windows\system32\cmd.exe BLUETEAM\ezk cmd.exe /C dir /s /b %USERPROFILE%\Favorites 9896 10688,7,69bbe2183fa09c00ccaac62d48e214f8_raw_events
cmd.exe,7352,RegOpenKey,HKLM\SYSTEM\CurrentControlSet\Control\Session Manager,REPARSE,"Desired Access: Query Value, Enumerate Sub Keys",4/18/2022 10:54:14 AM,Registry,C:\Windows\system32\cmd.exe,BLUETEAM\ezk,cmd.exe /C dir /s /b %USERPROFILE%\Favorites,9896,10688,"cmd.exe 7352 RegOpenKey HKLM\SYSTEM\CurrentControlSet\Control\Session Manager REPARSE Desired Access: Query Value, Enumerate Sub Keys 4/18/2022 10:54:14 AM Registry C:\Windows\system32\cmd.exe BLUETEAM\ezk cmd.exe /C dir /s /b %USERPROFILE%\Favorites 9896 10688",8,69bbe2183fa09c00ccaac62d48e214f8_raw_events
cmd.exe,7352,RegOpenKey,HKLM\System\CurrentControlSet\Control\Session Manager,SUCCESS,"Desired Access: Query Value, Enumerate Sub Keys",4/18/2022 10:54:14 AM,Registry,C:\Windows\system32\cmd.exe,BLUETEAM\ezk,cmd.exe /C dir /s /b %USERPROFILE%\Favorites,9896,10688,"cmd.exe 7352 RegOpenKey HKLM\System\CurrentControlSet\Control\Session Manager SUCCESS Desired Access: Query Value, Enumerate Sub Keys 4/18/2022 10:54:14 AM Registry C:\Windows\system32\cmd.exe BLUETEAM\ezk cmd.exe /C dir /s /b %USERPROFILE%\Favorites 9896 10688",9,69bbe2183fa09c00ccaac62d48e214f8_raw_events
cmd.exe,7352,RegQueryValue,HKLM\System\CurrentControlSet\Control\Session Manager\ResourcePolicies,NAME NOT FOUND,Length: 24,4/18/2022 10:54:14 AM,Registry,C:\Windows\system32\cmd.exe,BLUETEAM\ezk,cmd.exe /C dir /s /b %USERPROFILE%\Favorites,9896,10688,cmd.exe 7352 RegQueryValue HKLM\System\CurrentControlSet\Control\Session Manager\ResourcePolicies NAME NOT FOUND Length: 24 4/18/2022 10:54:14 AM Registry C:\Windows\system32\cmd.exe BLUETEAM\ezk cmd.exe /C dir /s /b %USERPROFILE%\Favorites 9896 10688,10,69bbe2183fa09c00ccaac62d48e214f8_raw_events
cmd.exe,7352,RegCloseKey,HKLM\System\CurrentControlSet\Control\Session Manager,SUCCESS,,4/18/2022 10:54:14 AM,Registry,C:\Windows\system32\cmd.exe,BLUETEAM\ezk,cmd.exe /C dir /s /b %USERPROFILE%\Favorites,9896,10688,cmd.exe 7352 RegCloseKey HKLM\System\CurrentControlSet\Control\Session Manager SUCCESS None 4/18/2022 10:54:14 AM Registry C:\Windows\system32\cmd.exe BLUETEAM\ezk cmd.exe /C dir /s /b %USERPROFILE%\Favorites 9896 10688,11,69bbe2183fa09c00ccaac62d48e214f8_raw_events
cmd.exe,7352,CreateFile,C:\Windows\System32,SUCCESS,"Desired Access: Execute/Traverse, Synchronize, Disposition: Open, Options: Directory, Synchronous IO Non-Alert, Attributes: n/a, ShareMode: Read, Write, AllocationSize: n/a, OpenResult: Opened",4/18/2022 10:54:14 AM,File System,C:\Windows\system32\cmd.exe,BLUETEAM\ezk,cmd.exe /C dir /s /b %USERPROFILE%\Favorites,9896,10688,"cmd.exe 7352 CreateFile C:\Windows\System32 SUCCESS Desired Access: Execute/Traverse, Synchronize, Disposition: Open, Options: Directory, Synchronous IO Non-Alert, Attributes: n/a, ShareMode: Read, Write, AllocationSize: n/a, OpenResult: Opened 4/18/2022 10:54:14 AM File System C:\Windows\system32\cmd.exe BLUETEAM\ezk cmd.exe /C dir /s /b %USERPROFILE%\Favorites 9896 10688",12,69bbe2183fa09c00ccaac62d48e214f8_raw_events
cmd.exe,7352,RegOpenKey,HKLM\System\CurrentControlSet\Control\SafeBoot\Option,REPARSE,"Desired Access: Query Value, Set Value",4/18/2022 10:54:14 AM,Registry,C:\Windows\system32\cmd.exe,BLUETEAM\ezk,cmd.exe /C dir /s /b %USERPROFILE%\Favorites,9896,10688,"cmd.exe 7352 RegOpenKey HKLM\System\CurrentControlSet\Control\SafeBoot\Option REPARSE Desired Access: Query Value, Set Value 4/18/2022 10:54:14 AM Registry C:\Windows\system32\cmd.exe BLUETEAM\ezk cmd.exe /C dir /s /b %USERPROFILE%\Favorites 9896 10688",13,69bbe2183fa09c00ccaac62d48e214f8_raw_events
cmd.exe,7352,RegOpenKey,HKLM\System\CurrentControlSet\Control\SafeBoot\Option,NAME NOT FOUND,"Desired Access: Query Value, Set Value",4/18/2022 10:54:14 AM,Registry,C:\Windows\system32\cmd.exe,BLUETEAM\ezk,cmd.exe /C dir /s /b %USERPROFILE%\Favorites,9896,10688,"cmd.exe 7352 RegOpenKey HKLM\System\CurrentControlSet\Control\SafeBoot\Option NAME NOT FOUND Desired Access: Query Value, Set Value 4/18/2022 10:54:14 AM Registry C:\Windows\system32\cmd.exe BLUETEAM\ezk cmd.exe /C dir /s /b %USERPROFILE%\Favorites 9896 10688",14,69bbe2183fa09c00ccaac62d48e214f8_raw_events
cmd.exe,7352,RegOpenKey,HKLM\System\CurrentControlSet\Control\Srp\GP\DLL,REPARSE,Desired Access: Read,4/18/2022 10:54:14 AM,Registry,C:\Windows\system32\cmd.exe,BLUETEAM\ezk,cmd.exe /C dir /s /b %USERPROFILE%\Favorites,9896,10688,cmd.exe 7352 RegOpenKey HKLM\System\CurrentControlSet\Control\Srp\GP\DLL REPARSE Desired Access: Read 4/18/2022 10:54:14 AM Registry C:\Windows\system32\cmd.exe BLUETEAM\ezk cmd.exe /C dir /s /b %USERPROFILE%\Favorites 9896 10688,15,69bbe2183fa09c00ccaac62d48e214f8_raw_events
cmd.exe,7352,RegOpenKey,HKLM\System\CurrentControlSet\Control\Srp\GP\DLL,NAME NOT FOUND,Desired Access: Read,4/18/2022 10:54:14 AM,Registry,C:\Windows\system32\cmd.exe,BLUETEAM\ezk,cmd.exe /C dir /s /b %USERPROFILE%\Favorites,9896,10688,cmd.exe 7352 RegOpenKey HKLM\System\CurrentControlSet\Control\Srp\GP\DLL NAME NOT FOUND Desired Access: Read 4/18/2022 10:54:14 AM Registry C:\Windows\system32\cmd.exe BLUETEAM\ezk cmd.exe /C dir /s /b %USERPROFILE%\Favorites 9896 10688,16,69bbe2183fa09c00ccaac62d48e214f8_raw_events
cmd.exe,7352,RegOpenKey,HKLM\Software\Policies\Microsoft\Windows\Safer\CodeIdentifiers,SUCCESS,Desired Access: Query Value,4/18/2022 10:54:14 AM,Registry,C:\Windows\system32\cmd.exe,BLUETEAM\ezk,cmd.exe /C dir /s /b %USERPROFILE%\Favorites,9896,10688,cmd.exe 7352 RegOpenKey HKLM\Software\Policies\Microsoft\Windows\Safer\CodeIdentifiers SUCCESS Desired Access: Query Value 4/18/2022 10:54:14 AM Registry C:\Windows\system32\cmd.exe BLUETEAM\ezk cmd.exe /C dir /s /b %USERPROFILE%\Favorites 9896 10688,17,69bbe2183fa09c00ccaac62d48e214f8_raw_events
cmd.exe,7352,RegQueryValue,HKLM\SOFTWARE\Policies\Microsoft\Windows\safer\codeidentifiers\TransparentEnabled,NAME NOT FOUND,Length: 80,4/18/2022 10:54:14 AM,Registry,C:\Windows\system32\cmd.exe,BLUETEAM\ezk,cmd.exe /C dir /s /b %USERPROFILE%\Favorites,9896,10688,cmd.exe 7352 RegQueryValue HKLM\SOFTWARE\Policies\Microsoft\Windows\safer\codeidentifiers\TransparentEnabled NAME NOT FOUND Length: 80 4/18/2022 10:54:14 AM Registry C:\Windows\system32\cmd.exe BLUETEAM\ezk cmd.exe /C dir /s /b %USERPROFILE%\Favorites 9896 10688,18,69bbe2183fa09c00ccaac62d48e214f8_raw_events
cmd.exe,7352,RegCloseKey,HKLM\SOFTWARE\Policies\Microsoft\Windows\safer\codeidentifiers,SUCCESS,,4/18/2022 10:54:14 AM,Registry,C:\Windows\system32\cmd.exe,BLUETEAM\ezk,cmd.exe /C dir /s /b %USERPROFILE%\Favorites,9896,10688,cmd.exe 7352 RegCloseKey HKLM\SOFTWARE\Policies\Microsoft\Windows\safer\codeidentifiers SUCCESS None 4/18/2022 10:54:14 AM Registry C:\Windows\system32\cmd.exe BLUETEAM\ezk cmd.exe /C dir /s /b %USERPROFILE%\Favorites 9896 10688,19,69bbe2183fa09c00ccaac62d48e214f8_raw_events
cmd.exe,7352,RegOpenKey,HKCU\Software\Policies\Microsoft\Windows\Safer\CodeIdentifiers,NAME NOT FOUND,Desired Access: Query Value,4/18/2022 10:54:14 AM,Registry,C:\Windows\system32\cmd.exe,BLUETEAM\ezk,cmd.exe /C dir /s /b %USERPROFILE%\Favorites,9896,10688,cmd.exe 7352 RegOpenKey HKCU\Software\Policies\Microsoft\Windows\Safer\CodeIdentifiers NAME NOT FOUND Desired Access: Query Value 4/18/2022 10:54:14 AM Registry C:\Windows\system32\cmd.exe BLUETEAM\ezk cmd.exe /C dir /s /b %USERPROFILE%\Favorites 9896 10688,20,69bbe2183fa09c00ccaac62d48e214f8_raw_events
cmd.exe,7352,RegOpenKey,HKLM\System\CurrentControlSet\Control\FileSystem\,REPARSE,Desired Access: Read,4/18/2022 10:54:14 AM,Registry,C:\Windows\system32\cmd.exe,BLUETEAM\ezk,cmd.exe /C dir /s /b %USERPROFILE%\Favorites,9896,10688,cmd.exe 7352 RegOpenKey HKLM\System\CurrentControlSet\Control\FileSystem\ REPARSE Desired Access: Read 4/18/2022 10:54:14 AM Registry C:\Windows\system32\cmd.exe BLUETEAM\ezk cmd.exe /C dir /s /b %USERPROFILE%\Favorites 9896 10688,21,69bbe2183fa09c00ccaac62d48e214f8_raw_events
cmd.exe,7352,RegOpenKey,HKLM\System\CurrentControlSet\Control\FileSystem,SUCCESS,Desired Access: Read,4/18/2022 10:54:14 AM,Registry,C:\Windows\system32\cmd.exe,BLUETEAM\ezk,cmd.exe /C dir /s /b %USERPROFILE%\Favorites,9896,10688,cmd.exe 7352 RegOpenKey HKLM\System\CurrentControlSet\Control\FileSystem SUCCESS Desired Access: Read 4/18/2022 10:54:14 AM Registry C:\Windows\system32\cmd.exe BLUETEAM\ezk cmd.exe /C dir /s /b %USERPROFILE%\Favorites 9896 10688,22,69bbe2183fa09c00ccaac62d48e214f8_raw_events
cmd.exe,7352,RegQueryValue,HKLM\System\CurrentControlSet\Control\FileSystem\LongPathsEnabled,SUCCESS,"Type: REG_DWORD, Length: 4, Data: 0",4/18/2022 10:54:14 AM,Registry,C:\Windows\system32\cmd.exe,BLUETEAM\ezk,cmd.exe /C dir /s /b %USERPROFILE%\Favorites,9896,10688,"cmd.exe 7352 RegQueryValue HKLM\System\CurrentControlSet\Control\FileSystem\LongPathsEnabled SUCCESS Type: REG_DWORD, Length: 4, Data: 0 4/18/2022 10:54:14 AM Registry C:\Windows\system32\cmd.exe BLUETEAM\ezk cmd.exe /C dir /s /b %USERPROFILE%\Favorites 9896 10688",23,69bbe2183fa09c00ccaac62d48e214f8_raw_events
cmd.exe,7352,RegCloseKey,HKLM\System\CurrentControlSet\Control\FileSystem,SUCCESS,,4/18/2022 10:54:14 AM,Registry,C:\Windows\system32\cmd.exe,BLUETEAM\ezk,cmd.exe /C dir /s /b %USERPROFILE%\Favorites,9896,10688,cmd.exe 7352 RegCloseKey HKLM\System\CurrentControlSet\Control\FileSystem SUCCESS None 4/18/2022 10:54:14 AM Registry C:\Windows\system32\cmd.exe BLUETEAM\ezk cmd.exe /C dir /s /b %USERPROFILE%\Favorites 9896 10688,24,69bbe2183fa09c00ccaac62d48e214f8_raw_events
cmd.exe,7352,RegOpenKey,HKLM\System\CurrentControlSet\Control\Nls\Sorting\Versions,REPARSE,Desired Access: Read,4/18/2022 10:54:14 AM,Registry,C:\Windows\system32\cmd.exe,BLUETEAM\ezk,cmd.exe /C dir /s /b %USERPROFILE%\Favorites,9896,10688,cmd.exe 7352 RegOpenKey HKLM\System\CurrentControlSet\Control\Nls\Sorting\Versions REPARSE Desired Access: Read 4/18/2022 10:54:14 AM Registry C:\Windows\system32\cmd.exe BLUETEAM\ezk cmd.exe /C dir /s /b %USERPROFILE%\Favorites 9896 10688,25,69bbe2183fa09c00ccaac62d48e214f8_raw_events
cmd.exe,7352,RegOpenKey,HKLM\System\CurrentControlSet\Control\Nls\Sorting\Versions,SUCCESS,Desired Access: Read,4/18/2022 10:54:14 AM,Registry,C:\Windows\system32\cmd.exe,BLUETEAM\ezk,cmd.exe /C dir /s /b %USERPROFILE%\Favorites,9896,10688,cmd.exe 7352 RegOpenKey HKLM\System\CurrentControlSet\Control\Nls\Sorting\Versions SUCCESS Desired Access: Read 4/18/2022 10:54:14 AM Registry C:\Windows\system32\cmd.exe BLUETEAM\ezk cmd.exe /C dir /s /b %USERPROFILE%\Favorites 9896 10688,26,69bbe2183fa09c00ccaac62d48e214f8_raw_events
cmd.exe,7352,RegQueryValue,HKLM\System\CurrentControlSet\Control\Nls\Sorting\Versions\(Default),SUCCESS,"Type: REG_SZ, Length: 18, Data: 00060305",4/18/2022 10:54:14 AM,Registry,C:\Windows\system32\cmd.exe,BLUETEAM\ezk,cmd.exe /C dir /s /b %USERPROFILE%\Favorites,9896,10688,"cmd.exe 7352 RegQueryValue HKLM\System\CurrentControlSet\Control\Nls\Sorting\Versions\(Default) SUCCESS Type: REG_SZ, Length: 18, Data: 00060305 4/18/2022 10:54:14 AM Registry C:\Windows\system32\cmd.exe BLUETEAM\ezk cmd.exe /C dir /s /b %USERPROFILE%\Favorites 9896 10688",27,69bbe2183fa09c00ccaac62d48e214f8_raw_events
cmd.exe,7352,RegQueryValue,HKLM\System\CurrentControlSet\Control\Nls\Sorting\Versions\000603xx,SUCCESS,"Type: REG_SZ, Length: 26, Data: kernel32.dll",4/18/2022 10:54:14 AM,Registry,C:\Windows\system32\cmd.exe,BLUETEAM\ezk,cmd.exe /C dir /s /b %USERPROFILE%\Favorites,9896,10688,"cmd.exe 7352 RegQueryValue HKLM\System\CurrentControlSet\Control\Nls\Sorting\Versions\000603xx SUCCESS Type: REG_SZ, Length: 26, Data: kernel32.dll 4/18/2022 10:54:14 AM Registry C:\Windows\system32\cmd.exe BLUETEAM\ezk cmd.exe /C dir /s /b %USERPROFILE%\Favorites 9896 10688",28,69bbe2183fa09c00ccaac62d48e214f8_raw_events
cmd.exe,7352,RegOpenKey,HKLM\SYSTEM\CurrentControlSet\Control\Session Manager,REPARSE,"Desired Access: Query Value, Enumerate Sub Keys",4/18/2022 10:54:14 AM,Registry,C:\Windows\system32\cmd.exe,BLUETEAM\ezk,cmd.exe /C dir /s /b %USERPROFILE%\Favorites,9896,10688,"cmd.exe 7352 RegOpenKey HKLM\SYSTEM\CurrentControlSet\Control\Session Manager REPARSE Desired Access: Query Value, Enumerate Sub Keys 4/18/2022 10:54:14 AM Registry C:\Windows\system32\cmd.exe BLUETEAM\ezk cmd.exe /C dir /s /b %USERPROFILE%\Favorites 9896 10688",29,69bbe2183fa09c00ccaac62d48e214f8_raw_events
cmd.exe,7352,RegOpenKey,HKLM\System\CurrentControlSet\Control\Session Manager,SUCCESS,"Desired Access: Query Value, Enumerate Sub Keys",4/18/2022 10:54:14 AM,Registry,C:\Windows\system32\cmd.exe,BLUETEAM\ezk,cmd.exe /C dir /s /b %USERPROFILE%\Favorites,9896,10688,"cmd.exe 7352 RegOpenKey HKLM\System\CurrentControlSet\Control\Session Manager SUCCESS Desired Access: Query Value, Enumerate Sub Keys 4/18/2022 10:54:14 AM Registry C:\Windows\system32\cmd.exe BLUETEAM\ezk cmd.exe /C dir /s /b %USERPROFILE%\Favorites 9896 10688",30,69bbe2183fa09c00ccaac62d48e214f8_raw_events
cmd.exe,7352,RegQueryValue,HKLM\System\CurrentControlSet\Control\Session Manager\ResourcePolicies,NAME NOT FOUND,Length: 24,4/18/2022 10:54:14 AM,Registry,C:\Windows\system32\cmd.exe,BLUETEAM\ezk,cmd.exe /C dir /s /b %USERPROFILE%\Favorites,9896,10688,cmd.exe 7352 RegQueryValue HKLM\System\CurrentControlSet\Control\Session Manager\ResourcePolicies NAME NOT FOUND Length: 24 4/18/2022 10:54:14 AM Registry C:\Windows\system32\cmd.exe BLUETEAM\ezk cmd.exe /C dir /s /b %USERPROFILE%\Favorites 9896 10688,31,69bbe2183fa09c00ccaac62d48e214f8_raw_events
cmd.exe,7352,RegCloseKey,HKLM\System\CurrentControlSet\Control\Session Manager,SUCCESS,,4/18/2022 10:54:14 AM,Registry,C:\Windows\system32\cmd.exe,BLUETEAM\ezk,cmd.exe /C dir /s /b %USERPROFILE%\Favorites,9896,10688,cmd.exe 7352 RegCloseKey HKLM\System\CurrentControlSet\Control\Session Manager SUCCESS None 4/18/2022 10:54:14 AM Registry C:\Windows\system32\cmd.exe BLUETEAM\ezk cmd.exe /C dir /s /b %USERPROFILE%\Favorites 9896 10688,32,69bbe2183fa09c00ccaac62d48e214f8_raw_events
cmd.exe,7352,RegOpenKey,HKLM\SYSTEM\CurrentControlSet\Control\Session Manager,REPARSE,"Desired Access: Query Value, Enumerate Sub Keys",4/18/2022 10:54:14 AM,Registry,C:\Windows\system32\cmd.exe,BLUETEAM\ezk,cmd.exe /C dir /s /b %USERPROFILE%\Favorites,9896,10688,"cmd.exe 7352 RegOpenKey HKLM\SYSTEM\CurrentControlSet\Control\Session Manager REPARSE Desired Access: Query Value, Enumerate Sub Keys 4/18/2022 10:54:14 AM Registry C:\Windows\system32\cmd.exe BLUETEAM\ezk cmd.exe /C dir /s /b %USERPROFILE%\Favorites 9896 10688",33,69bbe2183fa09c00ccaac62d48e214f8_raw_events
cmd.exe,7352,RegOpenKey,HKLM\System\CurrentControlSet\Control\Session Manager,SUCCESS,"Desired Access: Query Value, Enumerate Sub Keys",4/18/2022 10:54:14 AM,Registry,C:\Windows\system32\cmd.exe,BLUETEAM\ezk,cmd.exe /C dir /s /b %USERPROFILE%\Favorites,9896,10688,"cmd.exe 7352 RegOpenKey HKLM\System\CurrentControlSet\Control\Session Manager SUCCESS Desired Access: Query Value, Enumerate Sub Keys 4/18/2022 10:54:14 AM Registry C:\Windows\system32\cmd.exe BLUETEAM\ezk cmd.exe /C dir /s /b %USERPROFILE%\Favorites 9896 10688",34,69bbe2183fa09c00ccaac62d48e214f8_raw_events
cmd.exe,7352,RegQueryValue,HKLM\System\CurrentControlSet\Control\Session Manager\ResourcePolicies,NAME NOT FOUND,Length: 24,4/18/2022 10:54:14 AM,Registry,C:\Windows\system32\cmd.exe,BLUETEAM\ezk,cmd.exe /C dir /s /b %USERPROFILE%\Favorites,9896,10688,cmd.exe 7352 RegQueryValue HKLM\System\CurrentControlSet\Control\Session Manager\ResourcePolicies NAME NOT FOUND Length: 24 4/18/2022 10:54:14 AM Registry C:\Windows\system32\cmd.exe BLUETEAM\ezk cmd.exe /C dir /s /b %USERPROFILE%\Favorites 9896 10688,35,69bbe2183fa09c00ccaac62d48e214f8_raw_events
cmd.exe,7352,RegCloseKey,HKLM\System\CurrentControlSet\Control\Session Manager,SUCCESS,,4/18/2022 10:54:14 AM,Registry,C:\Windows\system32\cmd.exe,BLUETEAM\ezk,cmd.exe /C dir /s /b %USERPROFILE%\Favorites,9896,10688,cmd.exe 7352 RegCloseKey HKLM\System\CurrentControlSet\Control\Session Manager SUCCESS None 4/18/2022 10:54:14 AM Registry C:\Windows\system32\cmd.exe BLUETEAM\ezk cmd.exe /C dir /s /b %USERPROFILE%\Favorites 9896 10688,36,69bbe2183fa09c00ccaac62d48e214f8_raw_events
cmd.exe,7352,RegOpenKey,HKLM,SUCCESS,"Desired Access: Maximum Allowed, Granted Access: All Access",4/18/2022 10:54:14 AM,Registry,C:\Windows\system32\cmd.exe,BLUETEAM\ezk,cmd.exe /C dir /s /b %USERPROFILE%\Favorites,9896,10688,"cmd.exe 7352 RegOpenKey HKLM SUCCESS Desired Access: Maximum Allowed, Granted Access: All Access 4/18/2022 10:54:14 AM Registry C:\Windows\system32\cmd.exe BLUETEAM\ezk cmd.exe /C dir /s /b %USERPROFILE%\Favorites 9896 10688",37,69bbe2183fa09c00ccaac62d48e214f8_raw_events
cmd.exe,7352,RegQueryKey,HKLM,SUCCESS,"Query: HandleTags, HandleTags: 0x0",4/18/2022 10:54:14 AM,Registry,C:\Windows\system32\cmd.exe,BLUETEAM\ezk,cmd.exe /C dir /s /b %USERPROFILE%\Favorites,9896,10688,"cmd.exe 7352 RegQueryKey HKLM SUCCESS Query: HandleTags, HandleTags: 0x0 4/18/2022 10:54:14 AM Registry C:\Windows\system32\cmd.exe BLUETEAM\ezk cmd.exe /C dir /s /b %USERPROFILE%\Favorites 9896 10688",38,69bbe2183fa09c00ccaac62d48e214f8_raw_events
cmd.exe,7352,RegOpenKey,HKLM\SOFTWARE\Microsoft\OLE,SUCCESS,Desired Access: Read,4/18/2022 10:54:14 AM,Registry,C:\Windows\system32\cmd.exe,BLUETEAM\ezk,cmd.exe /C dir /s /b %USERPROFILE%\Favorites,9896,10688,cmd.exe 7352 RegOpenKey HKLM\SOFTWARE\Microsoft\OLE SUCCESS Desired Access: Read 4/18/2022 10:54:14 AM Registry C:\Windows\system32\cmd.exe BLUETEAM\ezk cmd.exe /C dir /s /b %USERPROFILE%\Favorites 9896 10688,39,69bbe2183fa09c00ccaac62d48e214f8_raw_events
cmd.exe,7352,RegQueryValue,HKLM\SOFTWARE\Microsoft\Ole\PageAllocatorUseSystemHeap,NAME NOT FOUND,Length: 20,4/18/2022 10:54:14 AM,Registry,C:\Windows\system32\cmd.exe,BLUETEAM\ezk,cmd.exe /C dir /s /b %USERPROFILE%\Favorites,9896,10688,cmd.exe 7352 RegQueryValue HKLM\SOFTWARE\Microsoft\Ole\PageAllocatorUseSystemHeap NAME NOT FOUND Length: 20 4/18/2022 10:54:14 AM Registry C:\Windows\system32\cmd.exe BLUETEAM\ezk cmd.exe /C dir /s /b %USERPROFILE%\Favorites 9896 10688,40,69bbe2183fa09c00ccaac62d48e214f8_raw_events
cmd.exe,7352,RegCloseKey,HKLM\SOFTWARE\Microsoft\Ole,SUCCESS,,4/18/2022 10:54:14 AM,Registry,C:\Windows\system32\cmd.exe,BLUETEAM\ezk,cmd.exe /C dir /s /b %USERPROFILE%\Favorites,9896,10688,cmd.exe 7352 RegCloseKey HKLM\SOFTWARE\Microsoft\Ole SUCCESS None 4/18/2022 10:54:14 AM Registry C:\Windows\system32\cmd.exe BLUETEAM\ezk cmd.exe /C dir /s /b %USERPROFILE%\Favorites 9896 10688,41,69bbe2183fa09c00ccaac62d48e214f8_raw_events
cmd.exe,7352,RegQueryKey,HKLM,SUCCESS,"Query: HandleTags, HandleTags: 0x0",4/18/2022 10:54:14 AM,Registry,C:\Windows\system32\cmd.exe,BLUETEAM\ezk,cmd.exe /C dir /s /b %USERPROFILE%\Favorites,9896,10688,"cmd.exe 7352 RegQueryKey HKLM SUCCESS Query: HandleTags, HandleTags: 0x0 4/18/2022 10:54:14 AM Registry C:\Windows\system32\cmd.exe BLUETEAM\ezk cmd.exe /C dir /s /b %USERPROFILE%\Favorites 9896 10688",42,69bbe2183fa09c00ccaac62d48e214f8_raw_events
cmd.exe,7352,RegOpenKey,HKLM\SOFTWARE\Microsoft\OLE,SUCCESS,Desired Access: Read,4/18/2022 10:54:14 AM,Registry,C:\Windows\system32\cmd.exe,BLUETEAM\ezk,cmd.exe /C dir /s /b %USERPROFILE%\Favorites,9896,10688,cmd.exe 7352 RegOpenKey HKLM\SOFTWARE\Microsoft\OLE SUCCESS Desired Access: Read 4/18/2022 10:54:14 AM Registry C:\Windows\system32\cmd.exe BLUETEAM\ezk cmd.exe /C dir /s /b %USERPROFILE%\Favorites 9896 10688,43,69bbe2183fa09c00ccaac62d48e214f8_raw_events
cmd.exe,7352,RegQueryValue,HKLM\SOFTWARE\Microsoft\Ole\PageAllocatorSystemHeapIsPrivate,NAME NOT FOUND,Length: 20,4/18/2022 10:54:14 AM,Registry,C:\Windows\system32\cmd.exe,BLUETEAM\ezk,cmd.exe /C dir /s /b %USERPROFILE%\Favorites,9896,10688,cmd.exe 7352 RegQueryValue HKLM\SOFTWARE\Microsoft\Ole\PageAllocatorSystemHeapIsPrivate NAME NOT FOUND Length: 20 4/18/2022 10:54:14 AM Registry C:\Windows\system32\cmd.exe BLUETEAM\ezk cmd.exe /C dir /s /b %USERPROFILE%\Favorites 9896 10688,44,69bbe2183fa09c00ccaac62d48e214f8_raw_events
cmd.exe,7352,RegCloseKey,HKLM\SOFTWARE\Microsoft\Ole,SUCCESS,,4/18/2022 10:54:14 AM,Registry,C:\Windows\system32\cmd.exe,BLUETEAM\ezk,cmd.exe /C dir /s /b %USERPROFILE%\Favorites,9896,10688,cmd.exe 7352 RegCloseKey HKLM\SOFTWARE\Microsoft\Ole SUCCESS None 4/18/2022 10:54:14 AM Registry C:\Windows\system32\cmd.exe BLUETEAM\ezk cmd.exe /C dir /s /b %USERPROFILE%\Favorites 9896 10688,45,69bbe2183fa09c00ccaac62d48e214f8_raw_events
cmd.exe,7352,RegQueryKey,HKLM,SUCCESS,"Query: HandleTags, HandleTags: 0x0",4/18/2022 10:54:14 AM,Registry,C:\Windows\system32\cmd.exe,BLUETEAM\ezk,cmd.exe /C dir /s /b %USERPROFILE%\Favorites,9896,10688,"cmd.exe 7352 RegQueryKey HKLM SUCCESS Query: HandleTags, HandleTags: 0x0 4/18/2022 10:54:14 AM Registry C:\Windows\system32\cmd.exe BLUETEAM\ezk cmd.exe /C dir /s /b %USERPROFILE%\Favorites 9896 10688",46,69bbe2183fa09c00ccaac62d48e214f8_raw_events
cmd.exe,7352,RegOpenKey,HKLM\SOFTWARE\Microsoft\OLE,SUCCESS,Desired Access: Read,4/18/2022 10:54:14 AM,Registry,C:\Windows\system32\cmd.exe,BLUETEAM\ezk,cmd.exe /C dir /s /b %USERPROFILE%\Favorites,9896,10688,cmd.exe 7352 RegOpenKey HKLM\SOFTWARE\Microsoft\OLE SUCCESS Desired Access: Read 4/18/2022 10:54:14 AM Registry C:\Windows\system32\cmd.exe BLUETEAM\ezk cmd.exe /C dir /s /b %USERPROFILE%\Favorites 9896 10688,47,69bbe2183fa09c00ccaac62d48e214f8_raw_events
cmd.exe,7352,RegQueryValue,HKLM\SOFTWARE\Microsoft\Ole\AggressiveMTATesting,NAME NOT FOUND,Length: 16,4/18/2022 10:54:14 AM,Registry,C:\Windows\system32\cmd.exe,BLUETEAM\ezk,cmd.exe /C dir /s /b %USERPROFILE%\Favorites,9896,10688,cmd.exe 7352 RegQueryValue HKLM\SOFTWARE\Microsoft\Ole\AggressiveMTATesting NAME NOT FOUND Length: 16 4/18/2022 10:54:14 AM Registry C:\Windows\system32\cmd.exe BLUETEAM\ezk cmd.exe /C dir /s /b %USERPROFILE%\Favorites 9896 10688,48,69bbe2183fa09c00ccaac62d48e214f8_raw_events
cmd.exe,7352,RegCloseKey,HKLM\SOFTWARE\Microsoft\Ole,SUCCESS,,4/18/2022 10:54:14 AM,Registry,C:\Windows\system32\cmd.exe,BLUETEAM\ezk,cmd.exe /C dir /s /b %USERPROFILE%\Favorites,9896,10688,cmd.exe 7352 RegCloseKey HKLM\SOFTWARE\Microsoft\Ole SUCCESS None 4/18/2022 10:54:14 AM Registry C:\Windows\system32\cmd.exe BLUETEAM\ezk cmd.exe /C dir /s /b %USERPROFILE%\Favorites 9896 10688,49,69bbe2183fa09c00ccaac62d48e214f8_raw_events
cmd.exe,7352,RegQueryKey,HKLM,SUCCESS,"Query: HandleTags, HandleTags: 0x0",4/18/2022 10:54:14 AM,Registry,C:\Windows\system32\cmd.exe,BLUETEAM\ezk,cmd.exe /C dir /s /b %USERPROFILE%\Favorites,9896,10688,"cmd.exe 7352 RegQueryKey HKLM SUCCESS Query: HandleTags, HandleTags: 0x0 4/18/2022 10:54:14 AM Registry C:\Windows\system32\cmd.exe BLUETEAM\ezk cmd.exe /C dir /s /b %USERPROFILE%\Favorites 9896 10688",50,69bbe2183fa09c00ccaac62d48e214f8_raw_events
cmd.exe,7352,RegOpenKey,HKLM,SUCCESS,Desired Access: Read,4/18/2022 10:54:14 AM,Registry,C:\Windows\system32\cmd.exe,BLUETEAM\ezk,cmd.exe /C dir /s /b %USERPROFILE%\Favorites,9896,10688,cmd.exe 7352 RegOpenKey HKLM SUCCESS Desired Access: Read 4/18/2022 10:54:14 AM Registry C:\Windows\system32\cmd.exe BLUETEAM\ezk cmd.exe /C dir /s /b %USERPROFILE%\Favorites 9896 10688,51,69bbe2183fa09c00ccaac62d48e214f8_raw_events
cmd.exe,7352,RegQueryKey,HKLM,SUCCESS,"Query: HandleTags, HandleTags: 0x100",4/18/2022 10:54:14 AM,Registry,C:\Windows\system32\cmd.exe,BLUETEAM\ezk,cmd.exe /C dir /s /b %USERPROFILE%\Favorites,9896,10688,"cmd.exe 7352 RegQueryKey HKLM SUCCESS Query: HandleTags, HandleTags: 0x100 4/18/2022 10:54:14 AM Registry C:\Windows\system32\cmd.exe BLUETEAM\ezk cmd.exe /C dir /s /b %USERPROFILE%\Favorites 9896 10688",52,69bbe2183fa09c00ccaac62d48e214f8_raw_events
cmd.exe,7352,RegOpenKey,HKLM\Software\Microsoft\Ole\FeatureDevelopmentProperties,NAME NOT FOUND,Desired Access: Read,4/18/2022 10:54:14 AM,Registry,C:\Windows\system32\cmd.exe,BLUETEAM\ezk,cmd.exe /C dir /s /b %USERPROFILE%\Favorites,9896,10688,cmd.exe 7352 RegOpenKey HKLM\Software\Microsoft\Ole\FeatureDevelopmentProperties NAME NOT FOUND Desired Access: Read 4/18/2022 10:54:14 AM Registry C:\Windows\system32\cmd.exe BLUETEAM\ezk cmd.exe /C dir /s /b %USERPROFILE%\Favorites 9896 10688,53,69bbe2183fa09c00ccaac62d48e214f8_raw_events
cmd.exe,7352,RegOpenKey,HKLM\SOFTWARE\Microsoft\AppModel\Lookaside\Packages,NAME NOT FOUND,Desired Access: Read,4/18/2022 10:54:14 AM,Registry,C:\Windows\system32\cmd.exe,BLUETEAM\ezk,cmd.exe /C dir /s /b %USERPROFILE%\Favorites,9896,10688,cmd.exe 7352 RegOpenKey HKLM\SOFTWARE\Microsoft\AppModel\Lookaside\Packages NAME NOT FOUND Desired Access: Read 4/18/2022 10:54:14 AM Registry C:\Windows\system32\cmd.exe BLUETEAM\ezk cmd.exe /C dir /s /b %USERPROFILE%\Favorites 9896 10688,54,69bbe2183fa09c00ccaac62d48e214f8_raw_events
cmd.exe,7352,RegQueryKey,HKLM,SUCCESS,"Query: HandleTags, HandleTags: 0x100",4/18/2022 10:54:14 AM,Registry,C:\Windows\system32\cmd.exe,BLUETEAM\ezk,cmd.exe /C dir /s /b %USERPROFILE%\Favorites,9896,10688,"cmd.exe 7352 RegQueryKey HKLM SUCCESS Query: HandleTags, HandleTags: 0x100 4/18/2022 10:54:14 AM Registry C:\Windows\system32\cmd.exe BLUETEAM\ezk cmd.exe /C dir /s /b %USERPROFILE%\Favorites 9896 10688",55,69bbe2183fa09c00ccaac62d48e214f8_raw_events
cmd.exe,7352,RegOpenKey,HKLM\Software\Microsoft\Ole\FeatureDevelopmentProperties,NAME NOT FOUND,Desired Access: Read,4/18/2022 10:54:14 AM,Registry,C:\Windows\system32\cmd.exe,BLUETEAM\ezk,cmd.exe /C dir /s /b %USERPROFILE%\Favorites,9896,10688,cmd.exe 7352 RegOpenKey HKLM\Software\Microsoft\Ole\FeatureDevelopmentProperties NAME NOT FOUND Desired Access: Read 4/18/2022 10:54:14 AM Registry C:\Windows\system32\cmd.exe BLUETEAM\ezk cmd.exe /C dir /s /b %USERPROFILE%\Favorites 9896 10688,56,69bbe2183fa09c00ccaac62d48e214f8_raw_events
cmd.exe,7352,RegQueryKey,HKLM,SUCCESS,"Query: HandleTags, HandleTags: 0x100",4/18/2022 10:54:14 AM,Registry,C:\Windows\system32\cmd.exe,BLUETEAM\ezk,cmd.exe /C dir /s /b %USERPROFILE%\Favorites,9896,10688,"cmd.exe 7352 RegQueryKey HKLM SUCCESS Query: HandleTags, HandleTags: 0x100 4/18/2022 10:54:14 AM Registry C:\Windows\system32\cmd.exe BLUETEAM\ezk cmd.exe /C dir /s /b %USERPROFILE%\Favorites 9896 10688",57,69bbe2183fa09c00ccaac62d48e214f8_raw_events
cmd.exe,7352,RegOpenKey,HKLM\Software\Microsoft\Ole,SUCCESS,Desired Access: Read,4/18/2022 10:54:14 AM,Registry,C:\Windows\system32\cmd.exe,BLUETEAM\ezk,cmd.exe /C dir /s /b %USERPROFILE%\Favorites,9896,10688,cmd.exe 7352 RegOpenKey HKLM\Software\Microsoft\Ole SUCCESS Desired Access: Read 4/18/2022 10:54:14 AM Registry C:\Windows\system32\cmd.exe BLUETEAM\ezk cmd.exe /C dir /s /b %USERPROFILE%\Favorites 9896 10688,58,69bbe2183fa09c00ccaac62d48e214f8_raw_events
cmd.exe,7352,RegQueryKey,HKLM,SUCCESS,"Query: HandleTags, HandleTags: 0x0",4/18/2022 10:54:14 AM,Registry,C:\Windows\system32\cmd.exe,BLUETEAM\ezk,cmd.exe /C dir /s /b %USERPROFILE%\Favorites,9896,10688,"cmd.exe 7352 RegQueryKey HKLM SUCCESS Query: HandleTags, HandleTags: 0x0 4/18/2022 10:54:14 AM Registry C:\Windows\system32\cmd.exe BLUETEAM\ezk cmd.exe /C dir /s /b %USERPROFILE%\Favorites 9896 10688",59,69bbe2183fa09c00ccaac62d48e214f8_raw_events
cmd.exe,7352,RegOpenKey,HKLM\Software\Microsoft\OLE\Tracing,NAME NOT FOUND,Desired Access: Read,4/18/2022 10:54:14 AM,Registry,C:\Windows\system32\cmd.exe,BLUETEAM\ezk,cmd.exe /C dir /s /b %USERPROFILE%\Favorites,9896,10688,cmd.exe 7352 RegOpenKey HKLM\Software\Microsoft\OLE\Tracing NAME NOT FOUND Desired Access: Read 4/18/2022 10:54:14 AM Registry C:\Windows\system32\cmd.exe BLUETEAM\ezk cmd.exe /C dir /s /b %USERPROFILE%\Favorites 9896 10688,60,69bbe2183fa09c00ccaac62d48e214f8_raw_events
cmd.exe,7352,RegOpenKey,HKCU,SUCCESS,"Desired Access: Maximum Allowed, Granted Access: All Access",4/18/2022 10:54:14 AM,Registry,C:\Windows\system32\cmd.exe,BLUETEAM\ezk,cmd.exe /C dir /s /b %USERPROFILE%\Favorites,9896,10688,"cmd.exe 7352 RegOpenKey HKCU SUCCESS Desired Access: Maximum Allowed, Granted Access: All Access 4/18/2022 10:54:14 AM Registry C:\Windows\system32\cmd.exe BLUETEAM\ezk cmd.exe /C dir /s /b %USERPROFILE%\Favorites 9896 10688",61,69bbe2183fa09c00ccaac62d48e214f8_raw_events
cmd.exe,7352,RegOpenKey,HKCU\Control Panel\Desktop\MuiCached\MachineLanguageConfiguration,NAME NOT FOUND,Desired Access: Read,4/18/2022 10:54:14 AM,Registry,C:\Windows\system32\cmd.exe,BLUETEAM\ezk,cmd.exe /C dir /s /b %USERPROFILE%\Favorites,9896,10688,cmd.exe 7352 RegOpenKey HKCU\Control Panel\Desktop\MuiCached\MachineLanguageConfiguration NAME NOT FOUND Desired Access: Read 4/18/2022 10:54:14 AM Registry C:\Windows\system32\cmd.exe BLUETEAM\ezk cmd.exe /C dir /s /b %USERPROFILE%\Favorites 9896 10688,62,69bbe2183fa09c00ccaac62d48e214f8_raw_events
cmd.exe,7352,RegCloseKey,HKCU,SUCCESS,,4/18/2022 10:54:14 AM,Registry,C:\Windows\system32\cmd.exe,BLUETEAM\ezk,cmd.exe /C dir /s /b %USERPROFILE%\Favorites,9896,10688,cmd.exe 7352 RegCloseKey HKCU SUCCESS None 4/18/2022 10:54:14 AM Registry C:\Windows\system32\cmd.exe BLUETEAM\ezk cmd.exe /C dir /s /b %USERPROFILE%\Favorites 9896 10688,63,69bbe2183fa09c00ccaac62d48e214f8_raw_events
cmd.exe,7352,RegOpenKey,HKLM\Software\Policies\Microsoft\MUI\Settings,NAME NOT FOUND,Desired Access: Read,4/18/2022 10:54:14 AM,Registry,C:\Windows\system32\cmd.exe,BLUETEAM\ezk,cmd.exe /C dir /s /b %USERPROFILE%\Favorites,9896,10688,cmd.exe 7352 RegOpenKey HKLM\Software\Policies\Microsoft\MUI\Settings NAME NOT FOUND Desired Access: Read 4/18/2022 10:54:14 AM Registry C:\Windows\system32\cmd.exe BLUETEAM\ezk cmd.exe /C dir /s /b %USERPROFILE%\Favorites 9896 10688,64,69bbe2183fa09c00ccaac62d48e214f8_raw_events
cmd.exe,7352,RegOpenKey,HKCU,SUCCESS,"Desired Access: Maximum Allowed, Granted Access: All Access",4/18/2022 10:54:14 AM,Registry,C:\Windows\system32\cmd.exe,BLUETEAM\ezk,cmd.exe /C dir /s /b %USERPROFILE%\Favorites,9896,10688,"cmd.exe 7352 RegOpenKey HKCU SUCCESS Desired Access: Maximum Allowed, Granted Access: All Access 4/18/2022 10:54:14 AM Registry C:\Windows\system32\cmd.exe BLUETEAM\ezk cmd.exe /C dir /s /b %USERPROFILE%\Favorites 9896 10688",65,69bbe2183fa09c00ccaac62d48e214f8_raw_events
cmd.exe,7352,RegOpenKey,HKCU\Software\Policies\Microsoft\Control Panel\Desktop,NAME NOT FOUND,Desired Access: Read,4/18/2022 10:54:14 AM,Registry,C:\Windows\system32\cmd.exe,BLUETEAM\ezk,cmd.exe /C dir /s /b %USERPROFILE%\Favorites,9896,10688,cmd.exe 7352 RegOpenKey HKCU\Software\Policies\Microsoft\Control Panel\Desktop NAME NOT FOUND Desired Access: Read 4/18/2022 10:54:14 AM Registry C:\Windows\system32\cmd.exe BLUETEAM\ezk cmd.exe /C dir /s /b %USERPROFILE%\Favorites 9896 10688,66,69bbe2183fa09c00ccaac62d48e214f8_raw_events
cmd.exe,7352,RegOpenKey,HKCU\Control Panel\Desktop\LanguageConfiguration,NAME NOT FOUND,Desired Access: Read,4/18/2022 10:54:14 AM,Registry,C:\Windows\system32\cmd.exe,BLUETEAM\ezk,cmd.exe /C dir /s /b %USERPROFILE%\Favorites,9896,10688,cmd.exe 7352 RegOpenKey HKCU\Control Panel\Desktop\LanguageConfiguration NAME NOT FOUND Desired Access: Read 4/18/2022 10:54:14 AM Registry C:\Windows\system32\cmd.exe BLUETEAM\ezk cmd.exe /C dir /s /b %USERPROFILE%\Favorites 9896 10688,67,69bbe2183fa09c00ccaac62d48e214f8_raw_events
cmd.exe,7352,RegCloseKey,HKCU,SUCCESS,,4/18/2022 10:54:14 AM,Registry,C:\Windows\system32\cmd.exe,BLUETEAM\ezk,cmd.exe /C dir /s /b %USERPROFILE%\Favorites,9896,10688,cmd.exe 7352 RegCloseKey HKCU SUCCESS None 4/18/2022 10:54:14 AM Registry C:\Windows\system32\cmd.exe BLUETEAM\ezk cmd.exe /C dir /s /b %USERPROFILE%\Favorites 9896 10688,68,69bbe2183fa09c00ccaac62d48e214f8_raw_events
cmd.exe,7352,RegOpenKey,HKLM\Software\Policies\Microsoft\MUI\Settings,NAME NOT FOUND,Desired Access: Read,4/18/2022 10:54:14 AM,Registry,C:\Windows\system32\cmd.exe,BLUETEAM\ezk,cmd.exe /C dir /s /b %USERPROFILE%\Favorites,9896,10688,cmd.exe 7352 RegOpenKey HKLM\Software\Policies\Microsoft\MUI\Settings NAME NOT FOUND Desired Access: Read 4/18/2022 10:54:14 AM Registry C:\Windows\system32\cmd.exe BLUETEAM\ezk cmd.exe /C dir /s /b %USERPROFILE%\Favorites 9896 10688,69,69bbe2183fa09c00ccaac62d48e214f8_raw_events
cmd.exe,7352,RegOpenKey,HKCU,SUCCESS,"Desired Access: Maximum Allowed, Granted Access: All Access",4/18/2022 10:54:14 AM,Registry,C:\Windows\system32\cmd.exe,BLUETEAM\ezk,cmd.exe /C dir /s /b %USERPROFILE%\Favorites,9896,10688,"cmd.exe 7352 RegOpenKey HKCU SUCCESS Desired Access: Maximum Allowed, Granted Access: All Access 4/18/2022 10:54:14 AM Registry C:\Windows\system32\cmd.exe BLUETEAM\ezk cmd.exe /C dir /s /b %USERPROFILE%\Favorites 9896 10688",70,69bbe2183fa09c00ccaac62d48e214f8_raw_events
cmd.exe,7352,RegOpenKey,HKCU\Software\Policies\Microsoft\Control Panel\Desktop,NAME NOT FOUND,Desired Access: Read,4/18/2022 10:54:14 AM,Registry,C:\Windows\system32\cmd.exe,BLUETEAM\ezk,cmd.exe /C dir /s /b %USERPROFILE%\Favorites,9896,10688,cmd.exe 7352 RegOpenKey HKCU\Software\Policies\Microsoft\Control Panel\Desktop NAME NOT FOUND Desired Access: Read 4/18/2022 10:54:14 AM Registry C:\Windows\system32\cmd.exe BLUETEAM\ezk cmd.exe /C dir /s /b %USERPROFILE%\Favorites 9896 10688,71,69bbe2183fa09c00ccaac62d48e214f8_raw_events
cmd.exe,7352,RegOpenKey,HKCU\Control Panel\Desktop,SUCCESS,Desired Access: Read,4/18/2022 10:54:14 AM,Registry,C:\Windows\system32\cmd.exe,BLUETEAM\ezk,cmd.exe /C dir /s /b %USERPROFILE%\Favorites,9896,10688,cmd.exe 7352 RegOpenKey HKCU\Control Panel\Desktop SUCCESS Desired Access: Read 4/18/2022 10:54:14 AM Registry C:\Windows\system32\cmd.exe BLUETEAM\ezk cmd.exe /C dir /s /b %USERPROFILE%\Favorites 9896 10688,72,69bbe2183fa09c00ccaac62d48e214f8_raw_events
cmd.exe,7352,RegQueryValue,HKCU\Control Panel\Desktop\PreferredUILanguages,NAME NOT FOUND,Length: 12,4/18/2022 10:54:14 AM,Registry,C:\Windows\system32\cmd.exe,BLUETEAM\ezk,cmd.exe /C dir /s /b %USERPROFILE%\Favorites,9896,10688,cmd.exe 7352 RegQueryValue HKCU\Control Panel\Desktop\PreferredUILanguages NAME NOT FOUND Length: 12 4/18/2022 10:54:14 AM Registry C:\Windows\system32\cmd.exe BLUETEAM\ezk cmd.exe /C dir /s /b %USERPROFILE%\Favorites 9896 10688,73,69bbe2183fa09c00ccaac62d48e214f8_raw_events
cmd.exe,7352,RegCloseKey,HKCU\Control Panel\Desktop,SUCCESS,,4/18/2022 10:54:14 AM,Registry,C:\Windows\system32\cmd.exe,BLUETEAM\ezk,cmd.exe /C dir /s /b %USERPROFILE%\Favorites,9896,10688,cmd.exe 7352 RegCloseKey HKCU\Control Panel\Desktop SUCCESS None 4/18/2022 10:54:14 AM Registry C:\Windows\system32\cmd.exe BLUETEAM\ezk cmd.exe /C dir /s /b %USERPROFILE%\Favorites 9896 10688,74,69bbe2183fa09c00ccaac62d48e214f8_raw_events
cmd.exe,7352,RegCloseKey,HKCU,SUCCESS,,4/18/2022 10:54:14 AM,Registry,C:\Windows\system32\cmd.exe,BLUETEAM\ezk,cmd.exe /C dir /s /b %USERPROFILE%\Favorites,9896,10688,cmd.exe 7352 RegCloseKey HKCU SUCCESS None 4/18/2022 10:54:14 AM Registry C:\Windows\system32\cmd.exe BLUETEAM\ezk cmd.exe /C dir /s /b %USERPROFILE%\Favorites 9896 10688,75,69bbe2183fa09c00ccaac62d48e214f8_raw_events
cmd.exe,7352,RegOpenKey,HKLM\Software\Policies\Microsoft\MUI\Settings,NAME NOT FOUND,Desired Access: Read,4/18/2022 10:54:14 AM,Registry,C:\Windows\system32\cmd.exe,BLUETEAM\ezk,cmd.exe /C dir /s /b %USERPROFILE%\Favorites,9896,10688,cmd.exe 7352 RegOpenKey HKLM\Software\Policies\Microsoft\MUI\Settings NAME NOT FOUND Desired Access: Read 4/18/2022 10:54:14 AM Registry C:\Windows\system32\cmd.exe BLUETEAM\ezk cmd.exe /C dir /s /b %USERPROFILE%\Favorites 9896 10688,76,69bbe2183fa09c00ccaac62d48e214f8_raw_events
cmd.exe,7352,RegOpenKey,HKCU,SUCCESS,"Desired Access: Maximum Allowed, Granted Access: All Access",4/18/2022 10:54:14 AM,Registry,C:\Windows\system32\cmd.exe,BLUETEAM\ezk,cmd.exe /C dir /s /b %USERPROFILE%\Favorites,9896,10688,"cmd.exe 7352 RegOpenKey HKCU SUCCESS Desired Access: Maximum Allowed, Granted Access: All Access 4/18/2022 10:54:14 AM Registry C:\Windows\system32\cmd.exe BLUETEAM\ezk cmd.exe /C dir /s /b %USERPROFILE%\Favorites 9896 10688",77,69bbe2183fa09c00ccaac62d48e214f8_raw_events
cmd.exe,7352,RegOpenKey,HKCU\Control Panel\Desktop\MuiCached,SUCCESS,Desired Access: Read,4/18/2022 10:54:14 AM,Registry,C:\Windows\system32\cmd.exe,BLUETEAM\ezk,cmd.exe /C dir /s /b %USERPROFILE%\Favorites,9896,10688,cmd.exe 7352 RegOpenKey HKCU\Control Panel\Desktop\MuiCached SUCCESS Desired Access: Read 4/18/2022 10:54:14 AM Registry C:\Windows\system32\cmd.exe BLUETEAM\ezk cmd.exe /C dir /s /b %USERPROFILE%\Favorites 9896 10688,78,69bbe2183fa09c00ccaac62d48e214f8_raw_events
cmd.exe,7352,RegQueryValue,HKCU\Control Panel\Desktop\MuiCached\MachinePreferredUILanguages,BUFFER OVERFLOW,Length: 12,4/18/2022 10:54:14 AM,Registry,C:\Windows\system32\cmd.exe,BLUETEAM\ezk,cmd.exe /C dir /s /b %USERPROFILE%\Favorites,9896,10688,cmd.exe 7352 RegQueryValue HKCU\Control Panel\Desktop\MuiCached\MachinePreferredUILanguages BUFFER OVERFLOW Length: 12 4/18/2022 10:54:14 AM Registry C:\Windows\system32\cmd.exe BLUETEAM\ezk cmd.exe /C dir /s /b %USERPROFILE%\Favorites 9896 10688,79,69bbe2183fa09c00ccaac62d48e214f8_raw_events
cmd.exe,7352,RegQueryValue,HKCU\Control Panel\Desktop\MuiCached\MachinePreferredUILanguages,SUCCESS,"Type: REG_MULTI_SZ, Length: 12, Data: en-US",4/18/2022 10:54:14 AM,Registry,C:\Windows\system32\cmd.exe,BLUETEAM\ezk,cmd.exe /C dir /s /b %USERPROFILE%\Favorites,9896,10688,"cmd.exe 7352 RegQueryValue HKCU\Control Panel\Desktop\MuiCached\MachinePreferredUILanguages SUCCESS Type: REG_MULTI_SZ, Length: 12, Data: en-US 4/18/2022 10:54:14 AM Registry C:\Windows\system32\cmd.exe BLUETEAM\ezk cmd.exe /C dir /s /b %USERPROFILE%\Favorites 9896 10688",80,69bbe2183fa09c00ccaac62d48e214f8_raw_events
cmd.exe,7352,RegCloseKey,HKCU\Control Panel\Desktop\MuiCached,SUCCESS,,4/18/2022 10:54:14 AM,Registry,C:\Windows\system32\cmd.exe,BLUETEAM\ezk,cmd.exe /C dir /s /b %USERPROFILE%\Favorites,9896,10688,cmd.exe 7352 RegCloseKey HKCU\Control Panel\Desktop\MuiCached SUCCESS None 4/18/2022 10:54:14 AM Registry C:\Windows\system32\cmd.exe BLUETEAM\ezk cmd.exe /C dir /s /b %USERPROFILE%\Favorites 9896 10688,81,69bbe2183fa09c00ccaac62d48e214f8_raw_events
cmd.exe,7352,RegCloseKey,HKCU,SUCCESS,,4/18/2022 10:54:14 AM,Registry,C:\Windows\system32\cmd.exe,BLUETEAM\ezk,cmd.exe /C dir /s /b %USERPROFILE%\Favorites,9896,10688,cmd.exe 7352 RegCloseKey HKCU SUCCESS None 4/18/2022 10:54:14 AM Registry C:\Windows\system32\cmd.exe BLUETEAM\ezk cmd.exe /C dir /s /b %USERPROFILE%\Favorites 9896 10688,82,69bbe2183fa09c00ccaac62d48e214f8_raw_events
cmd.exe,7352,RegOpenKey,HKLM\Software\Policies\Microsoft\MUI\Settings,NAME NOT FOUND,Desired Access: Read,4/18/2022 10:54:14 AM,Registry,C:\Windows\system32\cmd.exe,BLUETEAM\ezk,cmd.exe /C dir /s /b %USERPROFILE%\Favorites,9896,10688,cmd.exe 7352 RegOpenKey HKLM\Software\Policies\Microsoft\MUI\Settings NAME NOT FOUND Desired Access: Read 4/18/2022 10:54:14 AM Registry C:\Windows\system32\cmd.exe BLUETEAM\ezk cmd.exe /C dir /s /b %USERPROFILE%\Favorites 9896 10688,83,69bbe2183fa09c00ccaac62d48e214f8_raw_events
cmd.exe,7352,RegOpenKey,HKCU,SUCCESS,"Desired Access: Maximum Allowed, Granted Access: All Access",4/18/2022 10:54:14 AM,Registry,C:\Windows\system32\cmd.exe,BLUETEAM\ezk,cmd.exe /C dir /s /b %USERPROFILE%\Favorites,9896,10688,"cmd.exe 7352 RegOpenKey HKCU SUCCESS Desired Access: Maximum Allowed, Granted Access: All Access 4/18/2022 10:54:14 AM Registry C:\Windows\system32\cmd.exe BLUETEAM\ezk cmd.exe /C dir /s /b %USERPROFILE%\Favorites 9896 10688",84,69bbe2183fa09c00ccaac62d48e214f8_raw_events
cmd.exe,7352,RegOpenKey,HKCU\Software\Policies\Microsoft\Control Panel\Desktop,NAME NOT FOUND,Desired Access: Read,4/18/2022 10:54:14 AM,Registry,C:\Windows\system32\cmd.exe,BLUETEAM\ezk,cmd.exe /C dir /s /b %USERPROFILE%\Favorites,9896,10688,cmd.exe 7352 RegOpenKey HKCU\Software\Policies\Microsoft\Control Panel\Desktop NAME NOT FOUND Desired Access: Read 4/18/2022 10:54:14 AM Registry C:\Windows\system32\cmd.exe BLUETEAM\ezk cmd.exe /C dir /s /b %USERPROFILE%\Favorites 9896 10688,85,69bbe2183fa09c00ccaac62d48e214f8_raw_events
cmd.exe,7352,RegOpenKey,HKCU\Control Panel\Desktop,SUCCESS,Desired Access: Read,4/18/2022 10:54:14 AM,Registry,C:\Windows\system32\cmd.exe,BLUETEAM\ezk,cmd.exe /C dir /s /b %USERPROFILE%\Favorites,9896,10688,cmd.exe 7352 RegOpenKey HKCU\Control Panel\Desktop SUCCESS Desired Access: Read 4/18/2022 10:54:14 AM Registry C:\Windows\system32\cmd.exe BLUETEAM\ezk cmd.exe /C dir /s /b %USERPROFILE%\Favorites 9896 10688,86,69bbe2183fa09c00ccaac62d48e214f8_raw_events
cmd.exe,7352,RegQueryValue,HKCU\Control Panel\Desktop\PreferredUILanguages,NAME NOT FOUND,Length: 12,4/18/2022 10:54:14 AM,Registry,C:\Windows\system32\cmd.exe,BLUETEAM\ezk,cmd.exe /C dir /s /b %USERPROFILE%\Favorites,9896,10688,cmd.exe 7352 RegQueryValue HKCU\Control Panel\Desktop\PreferredUILanguages NAME NOT FOUND Length: 12 4/18/2022 10:54:14 AM Registry C:\Windows\system32\cmd.exe BLUETEAM\ezk cmd.exe /C dir /s /b %USERPROFILE%\Favorites 9896 10688,87,69bbe2183fa09c00ccaac62d48e214f8_raw_events
cmd.exe,7352,RegCloseKey,HKCU\Control Panel\Desktop,SUCCESS,,4/18/2022 10:54:14 AM,Registry,C:\Windows\system32\cmd.exe,BLUETEAM\ezk,cmd.exe /C dir /s /b %USERPROFILE%\Favorites,9896,10688,cmd.exe 7352 RegCloseKey HKCU\Control Panel\Desktop SUCCESS None 4/18/2022 10:54:14 AM Registry C:\Windows\system32\cmd.exe BLUETEAM\ezk cmd.exe /C dir /s /b %USERPROFILE%\Favorites 9896 10688,88,69bbe2183fa09c00ccaac62d48e214f8_raw_events
cmd.exe,7352,RegCloseKey,HKCU,SUCCESS,,4/18/2022 10:54:14 AM,Registry,C:\Windows\system32\cmd.exe,BLUETEAM\ezk,cmd.exe /C dir /s /b %USERPROFILE%\Favorites,9896,10688,cmd.exe 7352 RegCloseKey HKCU SUCCESS None 4/18/2022 10:54:14 AM Registry C:\Windows\system32\cmd.exe BLUETEAM\ezk cmd.exe /C dir /s /b %USERPROFILE%\Favorites 9896 10688,89,69bbe2183fa09c00ccaac62d48e214f8_raw_events
cmd.exe,7352,RegOpenKey,HKLM\Software\Policies\Microsoft\MUI\Settings,NAME NOT FOUND,Desired Access: Read,4/18/2022 10:54:14 AM,Registry,C:\Windows\system32\cmd.exe,BLUETEAM\ezk,cmd.exe /C dir /s /b %USERPROFILE%\Favorites,9896,10688,cmd.exe 7352 RegOpenKey HKLM\Software\Policies\Microsoft\MUI\Settings NAME NOT FOUND Desired Access: Read 4/18/2022 10:54:14 AM Registry C:\Windows\system32\cmd.exe BLUETEAM\ezk cmd.exe /C dir /s /b %USERPROFILE%\Favorites 9896 10688,90,69bbe2183fa09c00ccaac62d48e214f8_raw_events
cmd.exe,7352,RegOpenKey,HKCU,SUCCESS,"Desired Access: Maximum Allowed, Granted Access: All Access",4/18/2022 10:54:14 AM,Registry,C:\Windows\system32\cmd.exe,BLUETEAM\ezk,cmd.exe /C dir /s /b %USERPROFILE%\Favorites,9896,10688,"cmd.exe 7352 RegOpenKey HKCU SUCCESS Desired Access: Maximum Allowed, Granted Access: All Access 4/18/2022 10:54:14 AM Registry C:\Windows\system32\cmd.exe BLUETEAM\ezk cmd.exe /C dir /s /b %USERPROFILE%\Favorites 9896 10688",91,69bbe2183fa09c00ccaac62d48e214f8_raw_events
cmd.exe,7352,RegOpenKey,HKCU\Software\Policies\Microsoft\Control Panel\Desktop,NAME NOT FOUND,Desired Access: Read,4/18/2022 10:54:14 AM,Registry,C:\Windows\system32\cmd.exe,BLUETEAM\ezk,cmd.exe /C dir /s /b %USERPROFILE%\Favorites,9896,10688,cmd.exe 7352 RegOpenKey HKCU\Software\Policies\Microsoft\Control Panel\Desktop NAME NOT FOUND Desired Access: Read 4/18/2022 10:54:14 AM Registry C:\Windows\system32\cmd.exe BLUETEAM\ezk cmd.exe /C dir /s /b %USERPROFILE%\Favorites 9896 10688,92,69bbe2183fa09c00ccaac62d48e214f8_raw_events
cmd.exe,7352,RegOpenKey,HKCU\Control Panel\Desktop\LanguageConfiguration,NAME NOT FOUND,Desired Access: Read,4/18/2022 10:54:14 AM,Registry,C:\Windows\system32\cmd.exe,BLUETEAM\ezk,cmd.exe /C dir /s /b %USERPROFILE%\Favorites,9896,10688,cmd.exe 7352 RegOpenKey HKCU\Control Panel\Desktop\LanguageConfiguration NAME NOT FOUND Desired Access: Read 4/18/2022 10:54:14 AM Registry C:\Windows\system32\cmd.exe BLUETEAM\ezk cmd.exe /C dir /s /b %USERPROFILE%\Favorites 9896 10688,93,69bbe2183fa09c00ccaac62d48e214f8_raw_events
cmd.exe,7352,RegCloseKey,HKCU,SUCCESS,,4/18/2022 10:54:14 AM,Registry,C:\Windows\system32\cmd.exe,BLUETEAM\ezk,cmd.exe /C dir /s /b %USERPROFILE%\Favorites,9896,10688,cmd.exe 7352 RegCloseKey HKCU SUCCESS None 4/18/2022 10:54:14 AM Registry C:\Windows\system32\cmd.exe BLUETEAM\ezk cmd.exe /C dir /s /b %USERPROFILE%\Favorites 9896 10688,94,69bbe2183fa09c00ccaac62d48e214f8_raw_events
cmd.exe,7352,RegOpenKey,HKCU,SUCCESS,"Desired Access: Maximum Allowed, Granted Access: All Access",4/18/2022 10:54:14 AM,Registry,C:\Windows\system32\cmd.exe,BLUETEAM\ezk,cmd.exe /C dir /s /b %USERPROFILE%\Favorites,9896,10688,"cmd.exe 7352 RegOpenKey HKCU SUCCESS Desired Access: Maximum Allowed, Granted Access: All Access 4/18/2022 10:54:14 AM Registry C:\Windows\system32\cmd.exe BLUETEAM\ezk cmd.exe /C dir /s /b %USERPROFILE%\Favorites 9896 10688",95,69bbe2183fa09c00ccaac62d48e214f8_raw_events
cmd.exe,7352,RegQueryKey,HKCU,SUCCESS,"Query: HandleTags, HandleTags: 0x0",4/18/2022 10:54:14 AM,Registry,C:\Windows\system32\cmd.exe,BLUETEAM\ezk,cmd.exe /C dir /s /b %USERPROFILE%\Favorites,9896,10688,"cmd.exe 7352 RegQueryKey HKCU SUCCESS Query: HandleTags, HandleTags: 0x0 4/18/2022 10:54:14 AM Registry C:\Windows\system32\cmd.exe BLUETEAM\ezk cmd.exe /C dir /s /b %USERPROFILE%\Favorites 9896 10688",96,69bbe2183fa09c00ccaac62d48e214f8_raw_events
cmd.exe,7352,RegOpenKey,HKCU\Software\Policies\Microsoft\Windows\System,NAME NOT FOUND,Desired Access: Read,4/18/2022 10:54:14 AM,Registry,C:\Windows\system32\cmd.exe,BLUETEAM\ezk,cmd.exe /C dir /s /b %USERPROFILE%\Favorites,9896,10688,cmd.exe 7352 RegOpenKey HKCU\Software\Policies\Microsoft\Windows\System NAME NOT FOUND Desired Access: Read 4/18/2022 10:54:14 AM Registry C:\Windows\system32\cmd.exe BLUETEAM\ezk cmd.exe /C dir /s /b %USERPROFILE%\Favorites 9896 10688,97,69bbe2183fa09c00ccaac62d48e214f8_raw_events
cmd.exe,7352,RegQueryKey,HKLM,SUCCESS,"Query: HandleTags, HandleTags: 0x0",4/18/2022 10:54:14 AM,Registry,C:\Windows\system32\cmd.exe,BLUETEAM\ezk,cmd.exe /C dir /s /b %USERPROFILE%\Favorites,9896,10688,"cmd.exe 7352 RegQueryKey HKLM SUCCESS Query: HandleTags, HandleTags: 0x0 4/18/2022 10:54:14 AM Registry C:\Windows\system32\cmd.exe BLUETEAM\ezk cmd.exe /C dir /s /b %USERPROFILE%\Favorites 9896 10688",98,69bbe2183fa09c00ccaac62d48e214f8_raw_events
cmd.exe,7352,RegOpenKey,HKLM\Software\Microsoft\Command Processor,SUCCESS,"Desired Access: Maximum Allowed, Granted Access: All Access",4/18/2022 10:54:14 AM,Registry,C:\Windows\system32\cmd.exe,BLUETEAM\ezk,cmd.exe /C dir /s /b %USERPROFILE%\Favorites,9896,10688,"cmd.exe 7352 RegOpenKey HKLM\Software\Microsoft\Command Processor SUCCESS Desired Access: Maximum Allowed, Granted Access: All Access 4/18/2022 10:54:14 AM Registry C:\Windows\system32\cmd.exe BLUETEAM\ezk cmd.exe /C dir /s /b %USERPROFILE%\Favorites 9896 10688",99,69bbe2183fa09c00ccaac62d48e214f8_raw_events
cmd.exe,7352,RegQueryValue,HKLM\SOFTWARE\Microsoft\Command Processor\DisableUNCCheck,NAME NOT FOUND,Length: 144,4/18/2022 10:54:14 AM,Registry,C:\Windows\system32\cmd.exe,BLUETEAM\ezk,cmd.exe /C dir /s /b %USERPROFILE%\Favorites,9896,10688,cmd.exe 7352 RegQueryValue HKLM\SOFTWARE\Microsoft\Command Processor\DisableUNCCheck NAME NOT FOUND Length: 144 4/18/2022 10:54:14 AM Registry C:\Windows\system32\cmd.exe BLUETEAM\ezk cmd.exe /C dir /s /b %USERPROFILE%\Favorites 9896 10688,100,69bbe2183fa09c00ccaac62d48e214f8_raw_events
cmd.exe,7352,RegQueryValue,HKLM\SOFTWARE\Microsoft\Command Processor\EnableExtensions,SUCCESS,"Type: REG_DWORD, Length: 4, Data: 1",4/18/2022 10:54:14 AM,Registry,C:\Windows\system32\cmd.exe,BLUETEAM\ezk,cmd.exe /C dir /s /b %USERPROFILE%\Favorites,9896,10688,"cmd.exe 7352 RegQueryValue HKLM\SOFTWARE\Microsoft\Command Processor\EnableExtensions SUCCESS Type: REG_DWORD, Length: 4, Data: 1 4/18/2022 10:54:14 AM Registry C:\Windows\system32\cmd.exe BLUETEAM\ezk cmd.exe /C dir /s /b %USERPROFILE%\Favorites 9896 10688",101,69bbe2183fa09c00ccaac62d48e214f8_raw_events
cmd.exe,7352,RegQueryValue,HKLM\SOFTWARE\Microsoft\Command Processor\DelayedExpansion,NAME NOT FOUND,Length: 144,4/18/2022 10:54:14 AM,Registry,C:\Windows\system32\cmd.exe,BLUETEAM\ezk,cmd.exe /C dir /s /b %USERPROFILE%\Favorites,9896,10688,cmd.exe 7352 RegQueryValue HKLM\SOFTWARE\Microsoft\Command Processor\DelayedExpansion NAME NOT FOUND Length: 144 4/18/2022 10:54:14 AM Registry C:\Windows\system32\cmd.exe BLUETEAM\ezk cmd.exe /C dir /s /b %USERPROFILE%\Favorites 9896 10688,102,69bbe2183fa09c00ccaac62d48e214f8_raw_events
cmd.exe,7352,RegQueryValue,HKLM\SOFTWARE\Microsoft\Command Processor\DefaultColor,SUCCESS,"Type: REG_DWORD, Length: 4, Data: 0",4/18/2022 10:54:14 AM,Registry,C:\Windows\system32\cmd.exe,BLUETEAM\ezk,cmd.exe /C dir /s /b %USERPROFILE%\Favorites,9896,10688,"cmd.exe 7352 RegQueryValue HKLM\SOFTWARE\Microsoft\Command Processor\DefaultColor SUCCESS Type: REG_DWORD, Length: 4, Data: 0 4/18/2022 10:54:14 AM Registry C:\Windows\system32\cmd.exe BLUETEAM\ezk cmd.exe /C dir /s /b %USERPROFILE%\Favorites 9896 10688",103,69bbe2183fa09c00ccaac62d48e214f8_raw_events
cmd.exe,7352,RegQueryValue,HKLM\SOFTWARE\Microsoft\Command Processor\CompletionChar,SUCCESS,"Type: REG_DWORD, Length: 4, Data: 9",4/18/2022 10:54:14 AM,Registry,C:\Windows\system32\cmd.exe,BLUETEAM\ezk,cmd.exe /C dir /s /b %USERPROFILE%\Favorites,9896,10688,"cmd.exe 7352 RegQueryValue HKLM\SOFTWARE\Microsoft\Command Processor\CompletionChar SUCCESS Type: REG_DWORD, Length: 4, Data: 9 4/18/2022 10:54:14 AM Registry C:\Windows\system32\cmd.exe BLUETEAM\ezk cmd.exe /C dir /s /b %USERPROFILE%\Favorites 9896 10688",104,69bbe2183fa09c00ccaac62d48e214f8_raw_events
cmd.exe,7352,RegQueryValue,HKLM\SOFTWARE\Microsoft\Command Processor\PathCompletionChar,SUCCESS,"Type: REG_DWORD, Length: 4, Data: 9",4/18/2022 10:54:14 AM,Registry,C:\Windows\system32\cmd.exe,BLUETEAM\ezk,cmd.exe /C dir /s /b %USERPROFILE%\Favorites,9896,10688,"cmd.exe 7352 RegQueryValue HKLM\SOFTWARE\Microsoft\Command Processor\PathCompletionChar SUCCESS Type: REG_DWORD, Length: 4, Data: 9 4/18/2022 10:54:14 AM Registry C:\Windows\system32\cmd.exe BLUETEAM\ezk cmd.exe /C dir /s /b %USERPROFILE%\Favorites 9896 10688",105,69bbe2183fa09c00ccaac62d48e214f8_raw_events
cmd.exe,7352,RegQueryValue,HKLM\SOFTWARE\Microsoft\Command Processor\AutoRun,NAME NOT FOUND,Length: 144,4/18/2022 10:54:14 AM,Registry,C:\Windows\system32\cmd.exe,BLUETEAM\ezk,cmd.exe /C dir /s /b %USERPROFILE%\Favorites,9896,10688,cmd.exe 7352 RegQueryValue HKLM\SOFTWARE\Microsoft\Command Processor\AutoRun NAME NOT FOUND Length: 144 4/18/2022 10:54:14 AM Registry C:\Windows\system32\cmd.exe BLUETEAM\ezk cmd.exe /C dir /s /b %USERPROFILE%\Favorites 9896 10688,106,69bbe2183fa09c00ccaac62d48e214f8_raw_events
cmd.exe,7352,RegCloseKey,HKLM\SOFTWARE\Microsoft\Command Processor,SUCCESS,,4/18/2022 10:54:14 AM,Registry,C:\Windows\system32\cmd.exe,BLUETEAM\ezk,cmd.exe /C dir /s /b %USERPROFILE%\Favorites,9896,10688,cmd.exe 7352 RegCloseKey HKLM\SOFTWARE\Microsoft\Command Processor SUCCESS None 4/18/2022 10:54:14 AM Registry C:\Windows\system32\cmd.exe BLUETEAM\ezk cmd.exe /C dir /s /b %USERPROFILE%\Favorites 9896 10688,107,69bbe2183fa09c00ccaac62d48e214f8_raw_events
cmd.exe,7352,RegQueryKey,HKCU,SUCCESS,"Query: HandleTags, HandleTags: 0x0",4/18/2022 10:54:14 AM,Registry,C:\Windows\system32\cmd.exe,BLUETEAM\ezk,cmd.exe /C dir /s /b %USERPROFILE%\Favorites,9896,10688,"cmd.exe 7352 RegQueryKey HKCU SUCCESS Query: HandleTags, HandleTags: 0x0 4/18/2022 10:54:14 AM Registry C:\Windows\system32\cmd.exe BLUETEAM\ezk cmd.exe /C dir /s /b %USERPROFILE%\Favorites 9896 10688",108,69bbe2183fa09c00ccaac62d48e214f8_raw_events
cmd.exe,7352,RegOpenKey,HKCU\Software\Microsoft\Command Processor,NAME NOT FOUND,Desired Access: Maximum Allowed,4/18/2022 10:54:14 AM,Registry,C:\Windows\system32\cmd.exe,BLUETEAM\ezk,cmd.exe /C dir /s /b %USERPROFILE%\Favorites,9896,10688,cmd.exe 7352 RegOpenKey HKCU\Software\Microsoft\Command Processor NAME NOT FOUND Desired Access: Maximum Allowed 4/18/2022 10:54:14 AM Registry C:\Windows\system32\cmd.exe BLUETEAM\ezk cmd.exe /C dir /s /b %USERPROFILE%\Favorites 9896 10688,109,69bbe2183fa09c00ccaac62d48e214f8_raw_events
cmd.exe,7352,CreateFile,C:\Windows\System32,SUCCESS,"Desired Access: Read Attributes, Disposition: Open, Options: Open Reparse Point, Attributes: n/a, ShareMode: Read, Write, Delete, AllocationSize: n/a, OpenResult: Opened",4/18/2022 10:54:14 AM,File System,C:\Windows\system32\cmd.exe,BLUETEAM\ezk,cmd.exe /C dir /s /b %USERPROFILE%\Favorites,9896,10688,"cmd.exe 7352 CreateFile C:\Windows\System32 SUCCESS Desired Access: Read Attributes, Disposition: Open, Options: Open Reparse Point, Attributes: n/a, ShareMode: Read, Write, Delete, AllocationSize: n/a, OpenResult: Opened 4/18/2022 10:54:14 AM File System C:\Windows\system32\cmd.exe BLUETEAM\ezk cmd.exe /C dir /s /b %USERPROFILE%\Favorites 9896 10688",110,69bbe2183fa09c00ccaac62d48e214f8_raw_events
cmd.exe,7352,QueryBasicInformationFile,C:\Windows\System32,SUCCESS,"CreationTime: 12/7/2019 5:03:44 PM, LastAccessTime: 4/18/2022 10:54:14 AM, LastWriteTime: 4/8/2022 11:11:04 AM, ChangeTime: 4/8/2022 11:11:04 AM, FileAttributes: D",4/18/2022 10:54:14 AM,File System,C:\Windows\system32\cmd.exe,BLUETEAM\ezk,cmd.exe /C dir /s /b %USERPROFILE%\Favorites,9896,10688,"cmd.exe 7352 QueryBasicInformationFile C:\Windows\System32 SUCCESS CreationTime: 12/7/2019 5:03:44 PM, LastAccessTime: 4/18/2022 10:54:14 AM, LastWriteTime: 4/8/2022 11:11:04 AM, ChangeTime: 4/8/2022 11:11:04 AM, FileAttributes: D 4/18/2022 10:54:14 AM File System C:\Windows\system32\cmd.exe BLUETEAM\ezk cmd.exe /C dir /s /b %USERPROFILE%\Favorites 9896 10688",111,69bbe2183fa09c00ccaac62d48e214f8_raw_events
cmd.exe,7352,CloseFile,C:\Windows\System32,SUCCESS,,4/18/2022 10:54:14 AM,File System,C:\Windows\system32\cmd.exe,BLUETEAM\ezk,cmd.exe /C dir /s /b %USERPROFILE%\Favorites,9896,10688,cmd.exe 7352 CloseFile C:\Windows\System32 SUCCESS None 4/18/2022 10:54:14 AM File System C:\Windows\system32\cmd.exe BLUETEAM\ezk cmd.exe /C dir /s /b %USERPROFILE%\Favorites 9896 10688,112,69bbe2183fa09c00ccaac62d48e214f8_raw_events
cmd.exe,7352,CreateFile,C:\,SUCCESS,"Desired Access: Read Data/List Directory, Synchronize, Disposition: Open, Options: Directory, Synchronous IO Non-Alert, Attributes: n/a, ShareMode: Read, Write, Delete, AllocationSize: n/a, OpenResult: Opened",4/18/2022 10:54:14 AM,File System,C:\Windows\system32\cmd.exe,BLUETEAM\ezk,cmd.exe /C dir /s /b %USERPROFILE%\Favorites,9896,10688,"cmd.exe 7352 CreateFile C:\ SUCCESS Desired Access: Read Data/List Directory, Synchronize, Disposition: Open, Options: Directory, Synchronous IO Non-Alert, Attributes: n/a, ShareMode: Read, Write, Delete, AllocationSize: n/a, OpenResult: Opened 4/18/2022 10:54:14 AM File System C:\Windows\system32\cmd.exe BLUETEAM\ezk cmd.exe /C dir /s /b %USERPROFILE%\Favorites 9896 10688",113,69bbe2183fa09c00ccaac62d48e214f8_raw_events
cmd.exe,7352,QueryDirectory,C:\Windows,SUCCESS,"FileInformationClass: FileBothDirectoryInformation, Filter: Windows, 2: Windows",4/18/2022 10:54:14 AM,File System,C:\Windows\system32\cmd.exe,BLUETEAM\ezk,cmd.exe /C dir /s /b %USERPROFILE%\Favorites,9896,10688,"cmd.exe 7352 QueryDirectory C:\Windows SUCCESS FileInformationClass: FileBothDirectoryInformation, Filter: Windows, 2: Windows 4/18/2022 10:54:14 AM File System C:\Windows\system32\cmd.exe BLUETEAM\ezk cmd.exe /C dir /s /b %USERPROFILE%\Favorites 9896 10688",114,69bbe2183fa09c00ccaac62d48e214f8_raw_events
cmd.exe,7352,CloseFile,C:\,SUCCESS,,4/18/2022 10:54:14 AM,File System,C:\Windows\system32\cmd.exe,BLUETEAM\ezk,cmd.exe /C dir /s /b %USERPROFILE%\Favorites,9896,10688,cmd.exe 7352 CloseFile C:\ SUCCESS None 4/18/2022 10:54:14 AM File System C:\Windows\system32\cmd.exe BLUETEAM\ezk cmd.exe /C dir /s /b %USERPROFILE%\Favorites 9896 10688,115,69bbe2183fa09c00ccaac62d48e214f8_raw_events
cmd.exe,7352,CreateFile,C:\Windows,SUCCESS,"Desired Access: Read Data/List Directory, Synchronize, Disposition: Open, Options: Directory, Synchronous IO Non-Alert, Attributes: n/a, ShareMode: Read, Write, Delete, AllocationSize: n/a, OpenResult: Opened",4/18/2022 10:54:14 AM,File System,C:\Windows\system32\cmd.exe,BLUETEAM\ezk,cmd.exe /C dir /s /b %USERPROFILE%\Favorites,9896,10688,"cmd.exe 7352 CreateFile C:\Windows SUCCESS Desired Access: Read Data/List Directory, Synchronize, Disposition: Open, Options: Directory, Synchronous IO Non-Alert, Attributes: n/a, ShareMode: Read, Write, Delete, AllocationSize: n/a, OpenResult: Opened 4/18/2022 10:54:14 AM File System C:\Windows\system32\cmd.exe BLUETEAM\ezk cmd.exe /C dir /s /b %USERPROFILE%\Favorites 9896 10688",116,69bbe2183fa09c00ccaac62d48e214f8_raw_events
cmd.exe,7352,QueryDirectory,C:\Windows\system32,SUCCESS,"FileInformationClass: FileBothDirectoryInformation, Filter: system32, 2: System32",4/18/2022 10:54:14 AM,File System,C:\Windows\system32\cmd.exe,BLUETEAM\ezk,cmd.exe /C dir /s /b %USERPROFILE%\Favorites,9896,10688,"cmd.exe 7352 QueryDirectory C:\Windows\system32 SUCCESS FileInformationClass: FileBothDirectoryInformation, Filter: system32, 2: System32 4/18/2022 10:54:14 AM File System C:\Windows\system32\cmd.exe BLUETEAM\ezk cmd.exe /C dir /s /b %USERPROFILE%\Favorites 9896 10688",117,69bbe2183fa09c00ccaac62d48e214f8_raw_events
cmd.exe,7352,CloseFile,C:\Windows,SUCCESS,,4/18/2022 10:54:14 AM,File System,C:\Windows\system32\cmd.exe,BLUETEAM\ezk,cmd.exe /C dir /s /b %USERPROFILE%\Favorites,9896,10688,cmd.exe 7352 CloseFile C:\Windows SUCCESS None 4/18/2022 10:54:14 AM File System C:\Windows\system32\cmd.exe BLUETEAM\ezk cmd.exe /C dir /s /b %USERPROFILE%\Favorites 9896 10688,118,69bbe2183fa09c00ccaac62d48e214f8_raw_events
cmd.exe,7352,CreateFile,C:\Windows\System32,SUCCESS,"Desired Access: Read Attributes, Disposition: Open, Options: Open Reparse Point, Attributes: n/a, ShareMode: Read, Write, Delete, AllocationSize: n/a, OpenResult: Opened",4/18/2022 10:54:14 AM,File System,C:\Windows\system32\cmd.exe,BLUETEAM\ezk,cmd.exe /C dir /s /b %USERPROFILE%\Favorites,9896,10688,"cmd.exe 7352 CreateFile C:\Windows\System32 SUCCESS Desired Access: Read Attributes, Disposition: Open, Options: Open Reparse Point, Attributes: n/a, ShareMode: Read, Write, Delete, AllocationSize: n/a, OpenResult: Opened 4/18/2022 10:54:14 AM File System C:\Windows\system32\cmd.exe BLUETEAM\ezk cmd.exe /C dir /s /b %USERPROFILE%\Favorites 9896 10688",119,69bbe2183fa09c00ccaac62d48e214f8_raw_events
cmd.exe,7352,QueryBasicInformationFile,C:\Windows\System32,SUCCESS,"CreationTime: 12/7/2019 5:03:44 PM, LastAccessTime: 4/18/2022 10:54:14 AM, LastWriteTime: 4/8/2022 11:11:04 AM, ChangeTime: 4/8/2022 11:11:04 AM, FileAttributes: D",4/18/2022 10:54:14 AM,File System,C:\Windows\system32\cmd.exe,BLUETEAM\ezk,cmd.exe /C dir /s /b %USERPROFILE%\Favorites,9896,10688,"cmd.exe 7352 QueryBasicInformationFile C:\Windows\System32 SUCCESS CreationTime: 12/7/2019 5:03:44 PM, LastAccessTime: 4/18/2022 10:54:14 AM, LastWriteTime: 4/8/2022 11:11:04 AM, ChangeTime: 4/8/2022 11:11:04 AM, FileAttributes: D 4/18/2022 10:54:14 AM File System C:\Windows\system32\cmd.exe BLUETEAM\ezk cmd.exe /C dir /s /b %USERPROFILE%\Favorites 9896 10688",120,69bbe2183fa09c00ccaac62d48e214f8_raw_events
cmd.exe,7352,CloseFile,C:\Windows\System32,SUCCESS,,4/18/2022 10:54:14 AM,File System,C:\Windows\system32\cmd.exe,BLUETEAM\ezk,cmd.exe /C dir /s /b %USERPROFILE%\Favorites,9896,10688,cmd.exe 7352 CloseFile C:\Windows\System32 SUCCESS None 4/18/2022 10:54:14 AM File System C:\Windows\system32\cmd.exe BLUETEAM\ezk cmd.exe /C dir /s /b %USERPROFILE%\Favorites 9896 10688,121,69bbe2183fa09c00ccaac62d48e214f8_raw_events
cmd.exe,7352,RegOpenKey,HKLM\System\CurrentControlSet\Control\Nls\CustomLocale,REPARSE,Desired Access: Read,4/18/2022 10:54:14 AM,Registry,C:\Windows\system32\cmd.exe,BLUETEAM\ezk,cmd.exe /C dir /s /b %USERPROFILE%\Favorites,9896,10688,cmd.exe 7352 RegOpenKey HKLM\System\CurrentControlSet\Control\Nls\CustomLocale REPARSE Desired Access: Read 4/18/2022 10:54:14 AM Registry C:\Windows\system32\cmd.exe BLUETEAM\ezk cmd.exe /C dir /s /b %USERPROFILE%\Favorites 9896 10688,122,69bbe2183fa09c00ccaac62d48e214f8_raw_events
cmd.exe,7352,RegOpenKey,HKLM\System\CurrentControlSet\Control\Nls\CustomLocale,SUCCESS,Desired Access: Read,4/18/2022 10:54:14 AM,Registry,C:\Windows\system32\cmd.exe,BLUETEAM\ezk,cmd.exe /C dir /s /b %USERPROFILE%\Favorites,9896,10688,cmd.exe 7352 RegOpenKey HKLM\System\CurrentControlSet\Control\Nls\CustomLocale SUCCESS Desired Access: Read 4/18/2022 10:54:14 AM Registry C:\Windows\system32\cmd.exe BLUETEAM\ezk cmd.exe /C dir /s /b %USERPROFILE%\Favorites 9896 10688,123,69bbe2183fa09c00ccaac62d48e214f8_raw_events
cmd.exe,7352,RegQueryValue,HKLM\System\CurrentControlSet\Control\Nls\CustomLocale\en-US,NAME NOT FOUND,Length: 532,4/18/2022 10:54:14 AM,Registry,C:\Windows\system32\cmd.exe,BLUETEAM\ezk,cmd.exe /C dir /s /b %USERPROFILE%\Favorites,9896,10688,cmd.exe 7352 RegQueryValue HKLM\System\CurrentControlSet\Control\Nls\CustomLocale\en-US NAME NOT FOUND Length: 532 4/18/2022 10:54:14 AM Registry C:\Windows\system32\cmd.exe BLUETEAM\ezk cmd.exe /C dir /s /b %USERPROFILE%\Favorites 9896 10688,124,69bbe2183fa09c00ccaac62d48e214f8_raw_events
cmd.exe,7352,RegCloseKey,HKLM\System\CurrentControlSet\Control\Nls\CustomLocale,SUCCESS,,4/18/2022 10:54:14 AM,Registry,C:\Windows\system32\cmd.exe,BLUETEAM\ezk,cmd.exe /C dir /s /b %USERPROFILE%\Favorites,9896,10688,cmd.exe 7352 RegCloseKey HKLM\System\CurrentControlSet\Control\Nls\CustomLocale SUCCESS None 4/18/2022 10:54:14 AM Registry C:\Windows\system32\cmd.exe BLUETEAM\ezk cmd.exe /C dir /s /b %USERPROFILE%\Favorites 9896 10688,125,69bbe2183fa09c00ccaac62d48e214f8_raw_events
cmd.exe,7352,RegOpenKey,HKLM\System\CurrentControlSet\Control\Nls\ExtendedLocale,REPARSE,Desired Access: Read,4/18/2022 10:54:14 AM,Registry,C:\Windows\system32\cmd.exe,BLUETEAM\ezk,cmd.exe /C dir /s /b %USERPROFILE%\Favorites,9896,10688,cmd.exe 7352 RegOpenKey HKLM\System\CurrentControlSet\Control\Nls\ExtendedLocale REPARSE Desired Access: Read 4/18/2022 10:54:14 AM Registry C:\Windows\system32\cmd.exe BLUETEAM\ezk cmd.exe /C dir /s /b %USERPROFILE%\Favorites 9896 10688,126,69bbe2183fa09c00ccaac62d48e214f8_raw_events
cmd.exe,7352,RegOpenKey,HKLM\System\CurrentControlSet\Control\Nls\ExtendedLocale,SUCCESS,Desired Access: Read,4/18/2022 10:54:14 AM,Registry,C:\Windows\system32\cmd.exe,BLUETEAM\ezk,cmd.exe /C dir /s /b %USERPROFILE%\Favorites,9896,10688,cmd.exe 7352 RegOpenKey HKLM\System\CurrentControlSet\Control\Nls\ExtendedLocale SUCCESS Desired Access: Read 4/18/2022 10:54:14 AM Registry C:\Windows\system32\cmd.exe BLUETEAM\ezk cmd.exe /C dir /s /b %USERPROFILE%\Favorites 9896 10688,127,69bbe2183fa09c00ccaac62d48e214f8_raw_events
cmd.exe,7352,RegQueryValue,HKLM\System\CurrentControlSet\Control\Nls\ExtendedLocale\en-US,NAME NOT FOUND,Length: 532,4/18/2022 10:54:14 AM,Registry,C:\Windows\system32\cmd.exe,BLUETEAM\ezk,cmd.exe /C dir /s /b %USERPROFILE%\Favorites,9896,10688,cmd.exe 7352 RegQueryValue HKLM\System\CurrentControlSet\Control\Nls\ExtendedLocale\en-US NAME NOT FOUND Length: 532 4/18/2022 10:54:14 AM Registry C:\Windows\system32\cmd.exe BLUETEAM\ezk cmd.exe /C dir /s /b %USERPROFILE%\Favorites 9896 10688,128,69bbe2183fa09c00ccaac62d48e214f8_raw_events
cmd.exe,7352,RegCloseKey,HKLM\System\CurrentControlSet\Control\Nls\ExtendedLocale,SUCCESS,,4/18/2022 10:54:14 AM,Registry,C:\Windows\system32\cmd.exe,BLUETEAM\ezk,cmd.exe /C dir /s /b %USERPROFILE%\Favorites,9896,10688,cmd.exe 7352 RegCloseKey HKLM\System\CurrentControlSet\Control\Nls\ExtendedLocale SUCCESS None 4/18/2022 10:54:14 AM Registry C:\Windows\system32\cmd.exe BLUETEAM\ezk cmd.exe /C dir /s /b %USERPROFILE%\Favorites 9896 10688,129,69bbe2183fa09c00ccaac62d48e214f8_raw_events
cmd.exe,7352,CreateFile,C:\,SUCCESS,"Desired Access: Synchronize, Disposition: Open, Options: Directory, Synchronous IO Non-Alert, Attributes: n/a, ShareMode: Read, Write, AllocationSize: n/a, OpenResult: Opened",4/18/2022 10:54:14 AM,File System,C:\Windows\system32\cmd.exe,BLUETEAM\ezk,cmd.exe /C dir /s /b %USERPROFILE%\Favorites,9896,10688,"cmd.exe 7352 CreateFile C:\ SUCCESS Desired Access: Synchronize, Disposition: Open, Options: Directory, Synchronous IO Non-Alert, Attributes: n/a, ShareMode: Read, Write, AllocationSize: n/a, OpenResult: Opened 4/18/2022 10:54:14 AM File System C:\Windows\system32\cmd.exe BLUETEAM\ezk cmd.exe /C dir /s /b %USERPROFILE%\Favorites 9896 10688",130,69bbe2183fa09c00ccaac62d48e214f8_raw_events
cmd.exe,7352,CloseFile,C:\,SUCCESS,,4/18/2022 10:54:14 AM,File System,C:\Windows\system32\cmd.exe,BLUETEAM\ezk,cmd.exe /C dir /s /b %USERPROFILE%\Favorites,9896,10688,cmd.exe 7352 CloseFile C:\ SUCCESS None 4/18/2022 10:54:14 AM File System C:\Windows\system32\cmd.exe BLUETEAM\ezk cmd.exe /C dir /s /b %USERPROFILE%\Favorites 9896 10688,131,69bbe2183fa09c00ccaac62d48e214f8_raw_events
cmd.exe,7352,CreateFile,C:\Users\ezk\Favorites,SUCCESS,"Desired Access: Read Attributes, Disposition: Open, Options: Open Reparse Point, Attributes: n/a, ShareMode: Read, Write, Delete, AllocationSize: n/a, OpenResult: Opened",4/18/2022 10:54:14 AM,File System,C:\Windows\system32\cmd.exe,BLUETEAM\ezk,cmd.exe /C dir /s /b %USERPROFILE%\Favorites,9896,10688,"cmd.exe 7352 CreateFile C:\Users\ezk\Favorites SUCCESS Desired Access: Read Attributes, Disposition: Open, Options: Open Reparse Point, Attributes: n/a, ShareMode: Read, Write, Delete, AllocationSize: n/a, OpenResult: Opened 4/18/2022 10:54:14 AM File System C:\Windows\system32\cmd.exe BLUETEAM\ezk cmd.exe /C dir /s /b %USERPROFILE%\Favorites 9896 10688",132,69bbe2183fa09c00ccaac62d48e214f8_raw_events
cmd.exe,7352,QueryBasicInformationFile,C:\Users\ezk\Favorites,SUCCESS,"CreationTime: 9/23/2021 11:18:45 AM, LastAccessTime: 4/18/2022 10:48:21 AM, LastWriteTime: 9/23/2021 11:18:49 AM, ChangeTime: 9/23/2021 11:18:54 AM, FileAttributes: RD",4/18/2022 10:54:14 AM,File System,C:\Windows\system32\cmd.exe,BLUETEAM\ezk,cmd.exe /C dir /s /b %USERPROFILE%\Favorites,9896,10688,"cmd.exe 7352 QueryBasicInformationFile C:\Users\ezk\Favorites SUCCESS CreationTime: 9/23/2021 11:18:45 AM, LastAccessTime: 4/18/2022 10:48:21 AM, LastWriteTime: 9/23/2021 11:18:49 AM, ChangeTime: 9/23/2021 11:18:54 AM, FileAttributes: RD 4/18/2022 10:54:14 AM File System C:\Windows\system32\cmd.exe BLUETEAM\ezk cmd.exe /C dir /s /b %USERPROFILE%\Favorites 9896 10688",133,69bbe2183fa09c00ccaac62d48e214f8_raw_events
cmd.exe,7352,CloseFile,C:\Users\ezk\Favorites,SUCCESS,,4/18/2022 10:54:14 AM,File System,C:\Windows\system32\cmd.exe,BLUETEAM\ezk,cmd.exe /C dir /s /b %USERPROFILE%\Favorites,9896,10688,cmd.exe 7352 CloseFile C:\Users\ezk\Favorites SUCCESS None 4/18/2022 10:54:14 AM File System C:\Windows\system32\cmd.exe BLUETEAM\ezk cmd.exe /C dir /s /b %USERPROFILE%\Favorites 9896 10688,134,69bbe2183fa09c00ccaac62d48e214f8_raw_events
cmd.exe,7352,CreateFile,C:\Users\ezk\Favorites,SUCCESS,"Desired Access: Read Attributes, Disposition: Open, Options: Open Reparse Point, Attributes: n/a, ShareMode: Read, Write, Delete, AllocationSize: n/a, OpenResult: Opened",4/18/2022 10:54:14 AM,File System,C:\Windows\system32\cmd.exe,BLUETEAM\ezk,cmd.exe /C dir /s /b %USERPROFILE%\Favorites,9896,10688,"cmd.exe 7352 CreateFile C:\Users\ezk\Favorites SUCCESS Desired Access: Read Attributes, Disposition: Open, Options: Open Reparse Point, Attributes: n/a, ShareMode: Read, Write, Delete, AllocationSize: n/a, OpenResult: Opened 4/18/2022 10:54:14 AM File System C:\Windows\system32\cmd.exe BLUETEAM\ezk cmd.exe /C dir /s /b %USERPROFILE%\Favorites 9896 10688",135,69bbe2183fa09c00ccaac62d48e214f8_raw_events
cmd.exe,7352,QueryBasicInformationFile,C:\Users\ezk\Favorites,SUCCESS,"CreationTime: 9/23/2021 11:18:45 AM, LastAccessTime: 4/18/2022 10:48:21 AM, LastWriteTime: 9/23/2021 11:18:49 AM, ChangeTime: 9/23/2021 11:18:54 AM, FileAttributes: RD",4/18/2022 10:54:14 AM,File System,C:\Windows\system32\cmd.exe,BLUETEAM\ezk,cmd.exe /C dir /s /b %USERPROFILE%\Favorites,9896,10688,"cmd.exe 7352 QueryBasicInformationFile C:\Users\ezk\Favorites SUCCESS CreationTime: 9/23/2021 11:18:45 AM, LastAccessTime: 4/18/2022 10:48:21 AM, LastWriteTime: 9/23/2021 11:18:49 AM, ChangeTime: 9/23/2021 11:18:54 AM, FileAttributes: RD 4/18/2022 10:54:14 AM File System C:\Windows\system32\cmd.exe BLUETEAM\ezk cmd.exe /C dir /s /b %USERPROFILE%\Favorites 9896 10688",136,69bbe2183fa09c00ccaac62d48e214f8_raw_events
cmd.exe,7352,CloseFile,C:\Users\ezk\Favorites,SUCCESS,,4/18/2022 10:54:14 AM,File System,C:\Windows\system32\cmd.exe,BLUETEAM\ezk,cmd.exe /C dir /s /b %USERPROFILE%\Favorites,9896,10688,cmd.exe 7352 CloseFile C:\Users\ezk\Favorites SUCCESS None 4/18/2022 10:54:14 AM File System C:\Windows\system32\cmd.exe BLUETEAM\ezk cmd.exe /C dir /s /b %USERPROFILE%\Favorites 9896 10688,137,69bbe2183fa09c00ccaac62d48e214f8_raw_events
cmd.exe,7352,CreateFile,C:\Users\ezk\Favorites\.,NAME INVALID,"Desired Access: Read Attributes, Disposition: Open, Options: Open Reparse Point, Attributes: n/a, ShareMode: Read, Write, Delete, AllocationSize: n/a",4/18/2022 10:54:14 AM,File System,C:\Windows\system32\cmd.exe,BLUETEAM\ezk,cmd.exe /C dir /s /b %USERPROFILE%\Favorites,9896,10688,"cmd.exe 7352 CreateFile C:\Users\ezk\Favorites\. NAME INVALID Desired Access: Read Attributes, Disposition: Open, Options: Open Reparse Point, Attributes: n/a, ShareMode: Read, Write, Delete, AllocationSize: n/a 4/18/2022 10:54:14 AM File System C:\Windows\system32\cmd.exe BLUETEAM\ezk cmd.exe /C dir /s /b %USERPROFILE%\Favorites 9896 10688",138,69bbe2183fa09c00ccaac62d48e214f8_raw_events
cmd.exe,7352,CreateFile,C:\Users\ezk\Favorites,SUCCESS,"Desired Access: Read Data/List Directory, Synchronize, Disposition: Open, Options: Directory, Synchronous IO Non-Alert, Attributes: n/a, ShareMode: Read, Write, Delete, AllocationSize: n/a, OpenResult: Opened",4/18/2022 10:54:14 AM,File System,C:\Windows\system32\cmd.exe,BLUETEAM\ezk,cmd.exe /C dir /s /b %USERPROFILE%\Favorites,9896,10688,"cmd.exe 7352 CreateFile C:\Users\ezk\Favorites SUCCESS Desired Access: Read Data/List Directory, Synchronize, Disposition: Open, Options: Directory, Synchronous IO Non-Alert, Attributes: n/a, ShareMode: Read, Write, Delete, AllocationSize: n/a, OpenResult: Opened 4/18/2022 10:54:14 AM File System C:\Windows\system32\cmd.exe BLUETEAM\ezk cmd.exe /C dir /s /b %USERPROFILE%\Favorites 9896 10688",139,69bbe2183fa09c00ccaac62d48e214f8_raw_events
cmd.exe,7352,QueryDirectory,C:\Users\ezk\Favorites\*,SUCCESS,"FileInformationClass: FileFullDirectoryInformation, Filter: *, 2: .",4/18/2022 10:54:14 AM,File System,C:\Windows\system32\cmd.exe,BLUETEAM\ezk,cmd.exe /C dir /s /b %USERPROFILE%\Favorites,9896,10688,"cmd.exe 7352 QueryDirectory C:\Users\ezk\Favorites\* SUCCESS FileInformationClass: FileFullDirectoryInformation, Filter: *, 2: . 4/18/2022 10:54:14 AM File System C:\Windows\system32\cmd.exe BLUETEAM\ezk cmd.exe /C dir /s /b %USERPROFILE%\Favorites 9896 10688",140,69bbe2183fa09c00ccaac62d48e214f8_raw_events
cmd.exe,7352,QueryDirectory,C:\Users\ezk\Favorites,SUCCESS,"FileInformationClass: FileFullDirectoryInformation, 1: .., 2: Bing.url, 3: desktop.ini, 4: Links",4/18/2022 10:54:14 AM,File System,C:\Windows\system32\cmd.exe,BLUETEAM\ezk,cmd.exe /C dir /s /b %USERPROFILE%\Favorites,9896,10688,"cmd.exe 7352 QueryDirectory C:\Users\ezk\Favorites SUCCESS FileInformationClass: FileFullDirectoryInformation, 1: .., 2: Bing.url, 3: desktop.ini, 4: Links 4/18/2022 10:54:14 AM File System C:\Windows\system32\cmd.exe BLUETEAM\ezk cmd.exe /C dir /s /b %USERPROFILE%\Favorites 9896 10688",141,69bbe2183fa09c00ccaac62d48e214f8_raw_events
cmd.exe,7352,QueryDirectory,C:\Users\ezk\Favorites,NO MORE FILES,FileInformationClass: FileFullDirectoryInformation,4/18/2022 10:54:14 AM,File System,C:\Windows\system32\cmd.exe,BLUETEAM\ezk,cmd.exe /C dir /s /b %USERPROFILE%\Favorites,9896,10688,cmd.exe 7352 QueryDirectory C:\Users\ezk\Favorites NO MORE FILES FileInformationClass: FileFullDirectoryInformation 4/18/2022 10:54:14 AM File System C:\Windows\system32\cmd.exe BLUETEAM\ezk cmd.exe /C dir /s /b %USERPROFILE%\Favorites 9896 10688,142,69bbe2183fa09c00ccaac62d48e214f8_raw_events
cmd.exe,7352,CloseFile,C:\Users\ezk\Favorites,SUCCESS,,4/18/2022 10:54:14 AM,File System,C:\Windows\system32\cmd.exe,BLUETEAM\ezk,cmd.exe /C dir /s /b %USERPROFILE%\Favorites,9896,10688,cmd.exe 7352 CloseFile C:\Users\ezk\Favorites SUCCESS None 4/18/2022 10:54:14 AM File System C:\Windows\system32\cmd.exe BLUETEAM\ezk cmd.exe /C dir /s /b %USERPROFILE%\Favorites 9896 10688,143,69bbe2183fa09c00ccaac62d48e214f8_raw_events
cmd.exe,7352,CreateFile,C:\Users\ezk\Favorites,SUCCESS,"Desired Access: Read Data/List Directory, Synchronize, Disposition: Open, Options: Directory, Synchronous IO Non-Alert, Attributes: n/a, ShareMode: Read, Write, Delete, AllocationSize: n/a, OpenResult: Opened",4/18/2022 10:54:14 AM,File System,C:\Windows\system32\cmd.exe,BLUETEAM\ezk,cmd.exe /C dir /s /b %USERPROFILE%\Favorites,9896,10688,"cmd.exe 7352 CreateFile C:\Users\ezk\Favorites SUCCESS Desired Access: Read Data/List Directory, Synchronize, Disposition: Open, Options: Directory, Synchronous IO Non-Alert, Attributes: n/a, ShareMode: Read, Write, Delete, AllocationSize: n/a, OpenResult: Opened 4/18/2022 10:54:14 AM File System C:\Windows\system32\cmd.exe BLUETEAM\ezk cmd.exe /C dir /s /b %USERPROFILE%\Favorites 9896 10688",144,69bbe2183fa09c00ccaac62d48e214f8_raw_events
cmd.exe,7352,QueryDirectory,C:\Users\ezk\Favorites\*,SUCCESS,"FileInformationClass: FileFullDirectoryInformation, Filter: *, 2: .",4/18/2022 10:54:14 AM,File System,C:\Windows\system32\cmd.exe,BLUETEAM\ezk,cmd.exe /C dir /s /b %USERPROFILE%\Favorites,9896,10688,"cmd.exe 7352 QueryDirectory C:\Users\ezk\Favorites\* SUCCESS FileInformationClass: FileFullDirectoryInformation, Filter: *, 2: . 4/18/2022 10:54:14 AM File System C:\Windows\system32\cmd.exe BLUETEAM\ezk cmd.exe /C dir /s /b %USERPROFILE%\Favorites 9896 10688",145,69bbe2183fa09c00ccaac62d48e214f8_raw_events
cmd.exe,7352,QueryDirectory,C:\Users\ezk\Favorites,SUCCESS,"FileInformationClass: FileFullDirectoryInformation, 1: .., 2: Bing.url, 3: desktop.ini, 4: Links",4/18/2022 10:54:14 AM,File System,C:\Windows\system32\cmd.exe,BLUETEAM\ezk,cmd.exe /C dir /s /b %USERPROFILE%\Favorites,9896,10688,"cmd.exe 7352 QueryDirectory C:\Users\ezk\Favorites SUCCESS FileInformationClass: FileFullDirectoryInformation, 1: .., 2: Bing.url, 3: desktop.ini, 4: Links 4/18/2022 10:54:14 AM File System C:\Windows\system32\cmd.exe BLUETEAM\ezk cmd.exe /C dir /s /b %USERPROFILE%\Favorites 9896 10688",146,69bbe2183fa09c00ccaac62d48e214f8_raw_events
cmd.exe,7352,QueryDirectory,C:\Users\ezk\Favorites,NO MORE FILES,FileInformationClass: FileFullDirectoryInformation,4/18/2022 10:54:14 AM,File System,C:\Windows\system32\cmd.exe,BLUETEAM\ezk,cmd.exe /C dir /s /b %USERPROFILE%\Favorites,9896,10688,cmd.exe 7352 QueryDirectory C:\Users\ezk\Favorites NO MORE FILES FileInformationClass: FileFullDirectoryInformation 4/18/2022 10:54:14 AM File System C:\Windows\system32\cmd.exe BLUETEAM\ezk cmd.exe /C dir /s /b %USERPROFILE%\Favorites 9896 10688,147,69bbe2183fa09c00ccaac62d48e214f8_raw_events
cmd.exe,7352,CloseFile,C:\Users\ezk\Favorites,SUCCESS,,4/18/2022 10:54:14 AM,File System,C:\Windows\system32\cmd.exe,BLUETEAM\ezk,cmd.exe /C dir /s /b %USERPROFILE%\Favorites,9896,10688,cmd.exe 7352 CloseFile C:\Users\ezk\Favorites SUCCESS None 4/18/2022 10:54:14 AM File System C:\Windows\system32\cmd.exe BLUETEAM\ezk cmd.exe /C dir /s /b %USERPROFILE%\Favorites 9896 10688,148,69bbe2183fa09c00ccaac62d48e214f8_raw_events
cmd.exe,7352,CreateFile,C:\Users\ezk\Favorites\Links,SUCCESS,"Desired Access: Read Data/List Directory, Synchronize, Disposition: Open, Options: Directory, Synchronous IO Non-Alert, Attributes: n/a, ShareMode: Read, Write, Delete, AllocationSize: n/a, OpenResult: Opened",4/18/2022 10:54:14 AM,File System,C:\Windows\system32\cmd.exe,BLUETEAM\ezk,cmd.exe /C dir /s /b %USERPROFILE%\Favorites,9896,10688,"cmd.exe 7352 CreateFile C:\Users\ezk\Favorites\Links SUCCESS Desired Access: Read Data/List Directory, Synchronize, Disposition: Open, Options: Directory, Synchronous IO Non-Alert, Attributes: n/a, ShareMode: Read, Write, Delete, AllocationSize: n/a, OpenResult: Opened 4/18/2022 10:54:14 AM File System C:\Windows\system32\cmd.exe BLUETEAM\ezk cmd.exe /C dir /s /b %USERPROFILE%\Favorites 9896 10688",149,69bbe2183fa09c00ccaac62d48e214f8_raw_events
cmd.exe,7352,QueryDirectory,C:\Users\ezk\Favorites\Links\*,SUCCESS,"FileInformationClass: FileFullDirectoryInformation, Filter: *, 2: .",4/18/2022 10:54:14 AM,File System,C:\Windows\system32\cmd.exe,BLUETEAM\ezk,cmd.exe /C dir /s /b %USERPROFILE%\Favorites,9896,10688,"cmd.exe 7352 QueryDirectory C:\Users\ezk\Favorites\Links\* SUCCESS FileInformationClass: FileFullDirectoryInformation, Filter: *, 2: . 4/18/2022 10:54:14 AM File System C:\Windows\system32\cmd.exe BLUETEAM\ezk cmd.exe /C dir /s /b %USERPROFILE%\Favorites 9896 10688",150,69bbe2183fa09c00ccaac62d48e214f8_raw_events
cmd.exe,7352,QueryDirectory,C:\Users\ezk\Favorites\Links,SUCCESS,"FileInformationClass: FileFullDirectoryInformation, 1: .., 2: desktop.ini",4/18/2022 10:54:14 AM,File System,C:\Windows\system32\cmd.exe,BLUETEAM\ezk,cmd.exe /C dir /s /b %USERPROFILE%\Favorites,9896,10688,"cmd.exe 7352 QueryDirectory C:\Users\ezk\Favorites\Links SUCCESS FileInformationClass: FileFullDirectoryInformation, 1: .., 2: desktop.ini 4/18/2022 10:54:14 AM File System C:\Windows\system32\cmd.exe BLUETEAM\ezk cmd.exe /C dir /s /b %USERPROFILE%\Favorites 9896 10688",151,69bbe2183fa09c00ccaac62d48e214f8_raw_events
cmd.exe,7352,QueryDirectory,C:\Users\ezk\Favorites\Links,NO MORE FILES,FileInformationClass: FileFullDirectoryInformation,4/18/2022 10:54:14 AM,File System,C:\Windows\system32\cmd.exe,BLUETEAM\ezk,cmd.exe /C dir /s /b %USERPROFILE%\Favorites,9896,10688,cmd.exe 7352 QueryDirectory C:\Users\ezk\Favorites\Links NO MORE FILES FileInformationClass: FileFullDirectoryInformation 4/18/2022 10:54:14 AM File System C:\Windows\system32\cmd.exe BLUETEAM\ezk cmd.exe /C dir /s /b %USERPROFILE%\Favorites 9896 10688,152,69bbe2183fa09c00ccaac62d48e214f8_raw_events
cmd.exe,7352,CloseFile,C:\Users\ezk\Favorites\Links,SUCCESS,,4/18/2022 10:54:14 AM,File System,C:\Windows\system32\cmd.exe,BLUETEAM\ezk,cmd.exe /C dir /s /b %USERPROFILE%\Favorites,9896,10688,cmd.exe 7352 CloseFile C:\Users\ezk\Favorites\Links SUCCESS None 4/18/2022 10:54:14 AM File System C:\Windows\system32\cmd.exe BLUETEAM\ezk cmd.exe /C dir /s /b %USERPROFILE%\Favorites 9896 10688,153,69bbe2183fa09c00ccaac62d48e214f8_raw_events
cmd.exe,7352,CreateFile,C:\Users\ezk\Favorites\Links,SUCCESS,"Desired Access: Read Data/List Directory, Synchronize, Disposition: Open, Options: Directory, Synchronous IO Non-Alert, Attributes: n/a, ShareMode: Read, Write, Delete, AllocationSize: n/a, OpenResult: Opened",4/18/2022 10:54:14 AM,File System,C:\Windows\system32\cmd.exe,BLUETEAM\ezk,cmd.exe /C dir /s /b %USERPROFILE%\Favorites,9896,10688,"cmd.exe 7352 CreateFile C:\Users\ezk\Favorites\Links SUCCESS Desired Access: Read Data/List Directory, Synchronize, Disposition: Open, Options: Directory, Synchronous IO Non-Alert, Attributes: n/a, ShareMode: Read, Write, Delete, AllocationSize: n/a, OpenResult: Opened 4/18/2022 10:54:14 AM File System C:\Windows\system32\cmd.exe BLUETEAM\ezk cmd.exe /C dir /s /b %USERPROFILE%\Favorites 9896 10688",154,69bbe2183fa09c00ccaac62d48e214f8_raw_events
cmd.exe,7352,QueryDirectory,C:\Users\ezk\Favorites\Links\*,SUCCESS,"FileInformationClass: FileFullDirectoryInformation, Filter: *, 2: .",4/18/2022 10:54:14 AM,File System,C:\Windows\system32\cmd.exe,BLUETEAM\ezk,cmd.exe /C dir /s /b %USERPROFILE%\Favorites,9896,10688,"cmd.exe 7352 QueryDirectory C:\Users\ezk\Favorites\Links\* SUCCESS FileInformationClass: FileFullDirectoryInformation, Filter: *, 2: . 4/18/2022 10:54:14 AM File System C:\Windows\system32\cmd.exe BLUETEAM\ezk cmd.exe /C dir /s /b %USERPROFILE%\Favorites 9896 10688",155,69bbe2183fa09c00ccaac62d48e214f8_raw_events
cmd.exe,7352,QueryDirectory,C:\Users\ezk\Favorites\Links,SUCCESS,"FileInformationClass: FileFullDirectoryInformation, 1: .., 2: desktop.ini",4/18/2022 10:54:14 AM,File System,C:\Windows\system32\cmd.exe,BLUETEAM\ezk,cmd.exe /C dir /s /b %USERPROFILE%\Favorites,9896,10688,"cmd.exe 7352 QueryDirectory C:\Users\ezk\Favorites\Links SUCCESS FileInformationClass: FileFullDirectoryInformation, 1: .., 2: desktop.ini 4/18/2022 10:54:14 AM File System C:\Windows\system32\cmd.exe BLUETEAM\ezk cmd.exe /C dir /s /b %USERPROFILE%\Favorites 9896 10688",156,69bbe2183fa09c00ccaac62d48e214f8_raw_events
cmd.exe,7352,QueryDirectory,C:\Users\ezk\Favorites\Links,NO MORE FILES,FileInformationClass: FileFullDirectoryInformation,4/18/2022 10:54:14 AM,File System,C:\Windows\system32\cmd.exe,BLUETEAM\ezk,cmd.exe /C dir /s /b %USERPROFILE%\Favorites,9896,10688,cmd.exe 7352 QueryDirectory C:\Users\ezk\Favorites\Links NO MORE FILES FileInformationClass: FileFullDirectoryInformation 4/18/2022 10:54:14 AM File System C:\Windows\system32\cmd.exe BLUETEAM\ezk cmd.exe /C dir /s /b %USERPROFILE%\Favorites 9896 10688,157,69bbe2183fa09c00ccaac62d48e214f8_raw_events
cmd.exe,7352,CloseFile,C:\Users\ezk\Favorites\Links,SUCCESS,,4/18/2022 10:54:14 AM,File System,C:\Windows\system32\cmd.exe,BLUETEAM\ezk,cmd.exe /C dir /s /b %USERPROFILE%\Favorites,9896,10688,cmd.exe 7352 CloseFile C:\Users\ezk\Favorites\Links SUCCESS None 4/18/2022 10:54:14 AM File System C:\Windows\system32\cmd.exe BLUETEAM\ezk cmd.exe /C dir /s /b %USERPROFILE%\Favorites 9896 10688,158,69bbe2183fa09c00ccaac62d48e214f8_raw_events
cmd.exe,7352,RegCloseKey,HKLM\SOFTWARE\Microsoft\Ole,SUCCESS,,4/18/2022 10:54:14 AM,Registry,C:\Windows\system32\cmd.exe,BLUETEAM\ezk,cmd.exe /C dir /s /b %USERPROFILE%\Favorites,9896,10688,cmd.exe 7352 RegCloseKey HKLM\SOFTWARE\Microsoft\Ole SUCCESS None 4/18/2022 10:54:14 AM Registry C:\Windows\system32\cmd.exe BLUETEAM\ezk cmd.exe /C dir /s /b %USERPROFILE%\Favorites 9896 10688,159,69bbe2183fa09c00ccaac62d48e214f8_raw_events
cmd.exe,7352,RegCloseKey,HKLM,SUCCESS,,4/18/2022 10:54:14 AM,Registry,C:\Windows\system32\cmd.exe,BLUETEAM\ezk,cmd.exe /C dir /s /b %USERPROFILE%\Favorites,9896,10688,cmd.exe 7352 RegCloseKey HKLM SUCCESS None 4/18/2022 10:54:14 AM Registry C:\Windows\system32\cmd.exe BLUETEAM\ezk cmd.exe /C dir /s /b %USERPROFILE%\Favorites 9896 10688,160,69bbe2183fa09c00ccaac62d48e214f8_raw_events
cmd.exe,7352,RegOpenKey,HKLM\System\CurrentControlSet\Services\bam\State\UserSettings\S-1-5-21-4065680934-2604657585-3199708412-1106,SUCCESS,Desired Access: All Access,4/18/2022 10:54:14 AM,Registry,C:\Windows\system32\cmd.exe,BLUETEAM\ezk,cmd.exe /C dir /s /b %USERPROFILE%\Favorites,9896,10688,cmd.exe 7352 RegOpenKey HKLM\System\CurrentControlSet\Services\bam\State\UserSettings\S-1-5-21-4065680934-2604657585-3199708412-1106 SUCCESS Desired Access: All Access 4/18/2022 10:54:14 AM Registry C:\Windows\system32\cmd.exe BLUETEAM\ezk cmd.exe /C dir /s /b %USERPROFILE%\Favorites 9896 10688,161,69bbe2183fa09c00ccaac62d48e214f8_raw_events
cmd.exe,7352,RegQueryValue,HKLM\System\CurrentControlSet\Services\bam\State\UserSettings\S-1-5-21-4065680934-2604657585-3199708412-1106\\Device\HarddiskVolume3\Windows\System32\cmd.exe,SUCCESS,"Type: REG_BINARY, Length: 24, Data: 51 5D 4D 96 CF 52 D8 01 00 00 00 00 00 00 00 00",4/18/2022 10:54:14 AM,Registry,C:\Windows\system32\cmd.exe,BLUETEAM\ezk,cmd.exe /C dir /s /b %USERPROFILE%\Favorites,9896,10688,"cmd.exe 7352 RegQueryValue HKLM\System\CurrentControlSet\Services\bam\State\UserSettings\S-1-5-21-4065680934-2604657585-3199708412-1106\\Device\HarddiskVolume3\Windows\System32\cmd.exe SUCCESS Type: REG_BINARY, Length: 24, Data: 51 5D 4D 96 CF 52 D8 01 00 00 00 00 00 00 00 00 4/18/2022 10:54:14 AM Registry C:\Windows\system32\cmd.exe BLUETEAM\ezk cmd.exe /C dir /s /b %USERPROFILE%\Favorites 9896 10688",162,69bbe2183fa09c00ccaac62d48e214f8_raw_events
cmd.exe,7352,RegSetValue,HKLM\System\CurrentControlSet\Services\bam\State\UserSettings\S-1-5-21-4065680934-2604657585-3199708412-1106\\Device\HarddiskVolume3\Windows\System32\cmd.exe,SUCCESS,"Type: REG_BINARY, Length: 24, Data: 12 43 50 96 CF 52 D8 01 00 00 00 00 00 00 00 00",4/18/2022 10:54:14 AM,Registry,C:\Windows\system32\cmd.exe,BLUETEAM\ezk,cmd.exe /C dir /s /b %USERPROFILE%\Favorites,9896,10688,"cmd.exe 7352 RegSetValue HKLM\System\CurrentControlSet\Services\bam\State\UserSettings\S-1-5-21-4065680934-2604657585-3199708412-1106\\Device\HarddiskVolume3\Windows\System32\cmd.exe SUCCESS Type: REG_BINARY, Length: 24, Data: 12 43 50 96 CF 52 D8 01 00 00 00 00 00 00 00 00 4/18/2022 10:54:14 AM Registry C:\Windows\system32\cmd.exe BLUETEAM\ezk cmd.exe /C dir /s /b %USERPROFILE%\Favorites 9896 10688",163,69bbe2183fa09c00ccaac62d48e214f8_raw_events
cmd.exe,7352,RegCloseKey,HKLM\System\CurrentControlSet\Services\bam\State\UserSettings\S-1-5-21-4065680934-2604657585-3199708412-1106,SUCCESS,,4/18/2022 10:54:14 AM,Registry,C:\Windows\system32\cmd.exe,BLUETEAM\ezk,cmd.exe /C dir /s /b %USERPROFILE%\Favorites,9896,10688,cmd.exe 7352 RegCloseKey HKLM\System\CurrentControlSet\Services\bam\State\UserSettings\S-1-5-21-4065680934-2604657585-3199708412-1106 SUCCESS None 4/18/2022 10:54:14 AM Registry C:\Windows\system32\cmd.exe BLUETEAM\ezk cmd.exe /C dir /s /b %USERPROFILE%\Favorites 9896 10688,164,69bbe2183fa09c00ccaac62d48e214f8_raw_events
cmd.exe,7352,CloseFile,C:\Windows\System32,SUCCESS,,4/18/2022 10:54:14 AM,File System,C:\Windows\system32\cmd.exe,BLUETEAM\ezk,cmd.exe /C dir /s /b %USERPROFILE%\Favorites,9896,10688,cmd.exe 7352 CloseFile C:\Windows\System32 SUCCESS None 4/18/2022 10:54:14 AM File System C:\Windows\system32\cmd.exe BLUETEAM\ezk cmd.exe /C dir /s /b %USERPROFILE%\Favorites 9896 10688,165,69bbe2183fa09c00ccaac62d48e214f8_raw_events
cmd.exe,7352,RegCloseKey,HKLM\System\CurrentControlSet\Control\Nls\Sorting\Versions,SUCCESS,,4/18/2022 10:54:14 AM,Registry,C:\Windows\system32\cmd.exe,BLUETEAM\ezk,cmd.exe /C dir /s /b %USERPROFILE%\Favorites,9896,10688,cmd.exe 7352 RegCloseKey HKLM\System\CurrentControlSet\Control\Nls\Sorting\Versions SUCCESS None 4/18/2022 10:54:14 AM Registry C:\Windows\system32\cmd.exe BLUETEAM\ezk cmd.exe /C dir /s /b %USERPROFILE%\Favorites 9896 10688,166,69bbe2183fa09c00ccaac62d48e214f8_raw_events
cmd.exe,7352,RegCloseKey,HKLM,SUCCESS,,4/18/2022 10:54:14 AM,Registry,C:\Windows\system32\cmd.exe,BLUETEAM\ezk,cmd.exe /C dir /s /b %USERPROFILE%\Favorites,9896,10688,cmd.exe 7352 RegCloseKey HKLM SUCCESS None 4/18/2022 10:54:14 AM Registry C:\Windows\system32\cmd.exe BLUETEAM\ezk cmd.exe /C dir /s /b %USERPROFILE%\Favorites 9896 10688,167,69bbe2183fa09c00ccaac62d48e214f8_raw_events
cmd.exe,7352,RegCloseKey,HKCU,SUCCESS,,4/18/2022 10:54:14 AM,Registry,C:\Windows\system32\cmd.exe,BLUETEAM\ezk,cmd.exe /C dir /s /b %USERPROFILE%\Favorites,9896,10688,cmd.exe 7352 RegCloseKey HKCU SUCCESS None 4/18/2022 10:54:14 AM Registry C:\Windows\system32\cmd.exe BLUETEAM\ezk cmd.exe /C dir /s /b %USERPROFILE%\Favorites 9896 10688,168,69bbe2183fa09c00ccaac62d48e214f8_raw_events
